iata_code,name,lat,lon,reisezeit_stunden,anzahl_umstiege
LHR,London Heathrow Airport,51.4706,-0.461941,0.0,0
LGW,London Gatwick Airport,51.148102,-0.190278,0.0,0
LCY,London City Airport,51.505299,0.055278,0.0,0
STN,London Stansted Airport,51.8849983215,0.234999999404,0.0,0
LTN,London Luton Airport,51.874698638916016,-0.3683330118656158,0.0,0
DOL,Deauville-Saint-Gatien Airport,49.3652992249,0.154305994511,2.3,0
MAN,Manchester Airport,53.35369873046875,-2.2749500274658203,2.3,0
GCI,Guernsey Airport,49.435001373291016,-2.601969957351685,2.32,0
JER,Jersey Airport,49.20790100097656,-2.195509910583496,2.32,0
LBA,Leeds Bradford Airport,53.86589813232422,-1.6605700254440308,2.35,0
RTM,Rotterdam The Hague Airport,51.956902,4.43722,2.38,0
CDG,Charles de Gaulle International Airport,49.012798,2.55,2.38,0
ANR,Antwerp International Airport (Deurne),51.1893997192,4.46027994156,2.38,0
AMS,Amsterdam Airport Schiphol,52.308601,4.76389,2.39,0
BRU,Brussels Airport,50.9014015198,4.48443984985,2.41,0
NQY,Newquay Cornwall Airport,50.44060134887695,-4.995409965515137,2.43,0
ORY,Paris-Orly Airport,48.7233333,2.3794444,2.44,0
EIN,Eindhoven Airport,51.4500999451,5.37452983856,2.44,0
DNR,Dinard-Pleurtuit-Saint-Malo Airport,48.58769989013672,-2.0799601078033447,2.5,0
NCL,Newcastle Airport,55.037498474121094,-1.6916699409484863,2.5,0
NRN,Weeze Airport,51.6024017334,6.14216995239,2.51,0
IOM,Isle of Man Airport,54.08330154418945,-4.623889923095703,2.53,0
DUB,Dublin Airport,53.421299,-6.27007,2.54,0
DUS,Düsseldorf Airport,51.289501,6.76678,2.57,0
NTE,Nantes Atlantique Airport,47.153198242200006,-1.61073005199,2.57,0
BES,Brest Bretagne Airport,48.447898864746094,-4.418540000915527,2.58,0
LUX,Luxembourg-Findel International Airport,49.6233333,6.2044444,2.6,0
CGN,Cologne Bonn Airport,50.8658981323,7.1427397728,2.61,0
EDI,Edinburgh Airport,55.95000076293945,-3.372499942779541,2.61,0
TUF,Tours-Val-de-Loire Airport,47.4322013855,0.727605998516,2.62,0
BFS,Belfast International Airport,54.6575012207,-6.2158298492399995,2.62,0
BHD,George Best Belfast City Airport,54.61809921264648,-5.872499942779541,2.63,0
DTM,Dortmund Airport,51.51829910279999,7.61223983765,2.63,0
GLA,Glasgow International Airport,55.8718986511,-4.43306016922,2.64,0
HHN,Frankfurt-Hahn Airport,49.9487,7.26389,2.67,0
DND,Dundee Airport,56.45249938964844,-3.025830030441284,2.68,0
ORK,Cork Airport,51.84130096435547,-8.491109848022461,2.69,0
PIS,Poitiers-Biard Airport,46.58769989013672,0.3066659867763519,2.73,0
BRE,Bremen Airport,53.0475006104,8.78666973114,2.74,0
SNN,Shannon Airport,52.702,-8.92482,2.74,0
LDY,City of Derry Airport,55.04280090332031,-7.161109924316406,2.75,0
ABZ,Aberdeen Dyce Airport,57.201900482177734,-2.197779893875122,2.75,0
NOC,Ireland West Knock Airport,53.910301208496094,-8.818490028381348,2.76,0
FRA,Frankfurt am Main Airport,50.033333,8.570556,2.77,0
KIR,Kerry Airport,52.18090057373047,-9.52377986907959,2.78,0
SXB,Strasbourg Airport,48.538299560546875,7.628230094909668,2.78,0
LRH,La Rochelle-Île de Ré Airport,46.17919921875,-1.1952799558639526,2.8,0
HAJ,Hannover Airport,52.461101532,9.68507957458,2.8,0
FKB,Karlsruhe Baden-Baden Airport,48.7793998718,8.08049964905,2.81,0
INV,Inverness Airport,57.54249954223633,-4.047500133514404,2.84,0
LIG,Limoges Airport,45.86280059814453,1.1794400215148926,2.84,0
BSL,EuroAirport Basel-Mulhouse-Freiburg Airport,47.59,7.5291667,2.85,0
BOD,Bordeaux-Mérignac Airport,44.8283004761,-0.715556025505,2.87,0
GVA,Geneva Cointrin International Airport,46.23809814453125,6.108950138092041,2.89,0
LYS,Lyon Saint-Exupéry Airport,45.725556,5.081111,2.89,0
HAM,Hamburg Airport,53.630401611328,9.9882297515869,2.9,0
BLL,Billund Airport,55.7402992249,9.15178012848,2.9,0
BVE,Brive Souillac Airport,45.039722,1.485556,2.9,0
STR,Stuttgart Airport,48.689899444599995,9.22196006775,2.91,0
BRN,Bern Belp Airport,46.914100647,7.497149944309999,2.92,0
ZRH,Zürich Airport,47.464699,8.54917,2.94,0
ERF,Erfurt Airport,50.97980117797851,10.958100318908691,2.97,0
EGC,Bergerac-Roumanière Airport,44.82529830932617,0.5186110138893127,2.98,0
NUE,Nuremberg Airport,49.498699,11.078056,3.0,0
LEJ,Leipzig/Halle Airport,51.423889,12.236389,3.03,0
AAR,Aarhus Airport,56.2999992371,10.619000434899998,3.04,0
FMM,Memmingen Allgau Airport,47.988800048799995,10.2395000458,3.04,0
TLS,Toulouse-Blagnac Airport,43.629101,1.36382,3.05,0
RDZ,Rodez-Marcillac Airport,44.407901763916016,2.4826700687408447,3.05,0
TRN,Turin Airport,45.200802,7.64963,3.09,0
HAU,Haugesund Airport,59.34529876709,5.2083601951599,3.1,0
MPL,Montpellier-Méditerranée Airport,43.57619857788086,3.96301007270813,3.12,0
MXP,Malpensa International Airport,45.6306,8.72811,3.12,0
SXF,Berlin-Schönefeld Airport,52.380001,13.5225,3.13,0
SVG,Stavanger Airport Sola,58.876701354,5.6377801895,3.13,0
MUC,Munich Airport,48.353802,11.7861,3.13,0
CPH,Copenhagen Kastrup Airport,55.617900848389,12.656000137329,3.14,0
BIO,Bilbao Airport,43.30110168457031,-2.9106099605560303,3.15,0
AAL,Aalborg Airport,57.0927589138,9.84924316406,3.15,0
INN,Innsbruck Airport,47.260201,11.344,3.17,0
LIN,Milano Linate Airport,45.445099,9.27674,3.17,0
BIQ,Biarritz-Anglet-Bayonne Airport,43.4683333,-1.5311111,3.17,0
TXL,Berlin-Tegel Airport,52.5597,13.2877,3.18,0
MRS,Marseille Provence Airport,43.439271922,5.22142410278,3.18,0
DRS,Dresden Airport,51.1328010559082,13.767200469970703,3.18,0
MMX,Malmö Sturup Airport,55.536305364,13.3761978149,3.18,0
LDE,Tarbes-Lourdes-Pyrénées Airport,43.1786994934082,-0.0064389999024569,3.2,0
FNI,Nîmes-Arles-Camargue Airport,43.75740051269531,4.4163498878479,3.21,0
CCF,Carcassonne Airport,43.21599960327149,2.3063199520111084,3.21,0
BGY,Il Caravaggio International Airport,45.673901,9.70417,3.21,0
SDR,Santander Airport,43.427101135253906,-3.82000994682312,3.23,0
GSE,Gothenburg City Airport,57.7747,11.8704,3.23,0
BZR,Béziers-Vias Airport,43.32350158691406,3.3538999557495117,3.23,0
PRG,Václav Havel Airport Prague,50.1008,14.26,3.24,0
NCE,Nice-Côte d'Azur Airport,43.6584014893,7.215869903560001,3.24,0
SZZ,"Szczecin-Goleniów ""Solidarność"" Airport",53.584701538100006,14.9021997452,3.25,0
GOA,Genoa Cristoforo Colombo Airport,44.4133,8.8375,3.25,0
SZG,Salzburg Airport,47.7933006287,13.0043001175,3.27,0
TRF,"Sandefjord Airport, Torp",59.1866989136,10.258600235,3.27,0
PGF,Perpignan-Rivesaltes (Llabanère) Airport,42.74039840698242,2.8706700801849365,3.29,0
OVD,Asturias Airport,43.5635986328125,-6.0346198081970215,3.29,0
VRN,Verona Villafranca Airport,45.395699,10.8885,3.29,0
BGO,Bergen Airport Flesland,60.29339981,5.218140125,3.3,0
RYG,"Moss Airport, Rygge",59.378817,10.785439,3.32,0
GOT,Gothenburg-Landvetter Airport,57.662799835205,12.279800415039,3.33,0
TLN,Toulon-Hyères Airport,43.0973014832,6.14602994919,3.33,0
LNZ,Linz Hörsching Airport,48.2332,14.1875,3.33,0
PMF,Parma Airport,44.824501,10.2964,3.34,0
LCG,A Coruña Airport,43.302101,-8.37726,3.35,0
SCQ,Santiago de Compostela Airport,42.89630126953125,-8.415140151977539,3.38,0
BCN,Barcelona International Airport,41.2971,2.07846,3.38,0
TSF,Treviso-Sant'Angelo Airport,45.648399,12.1944,3.39,0
VCE,Venice Marco Polo Airport,45.505299,12.3519,3.39,0
GRO,Girona Airport,41.901000977,2.7605500221,3.4,0
BLQ,Bologna Guglielmo Marconi Airport,44.5354,11.2887,3.4,0
POZ,Poznań-Ławica Airport,52.421001434299995,16.8262996674,3.41,0
ZAZ,Zaragoza Air Base,41.66619873046875,-1.0415500402450562,3.42,0
PSA,Pisa International Airport,43.683899,10.3927,3.43,0
WRO,Copernicus Wrocław Airport,51.1026992798,16.885799408,3.43,0
TRS,Trieste–Friuli Venezia Giulia Airport,45.827499,13.4722,3.46,0
FLR,Peretola Airport,43.810001,11.2051,3.47,0
REU,Reus Air Base,41.14739990234375,1.1671700477600098,3.49,0
OSL,Oslo Lufthavn,60.121,11.0502,3.49,0
BRQ,Brno-Tuřany Airport,49.15129852294922,16.694400787353516,3.49,0
BIA,Bastia-Poretta Airport,42.55270004272461,9.48373031616211,3.5,0
BZG,Bydgoszcz Ignacy Jan Paderewski Airport,53.096801757799994,17.9776992798,3.5,0
LJU,Ljubljana Jože Pučnik Airport,46.223701,14.4576,3.5,0
MAD,Adolfo Suárez Madrid–Barajas Airport,40.471926,-3.56264,3.51,0
AJA,Ajaccio-Napoléon Bonaparte Airport,41.92359924316406,8.8029203414917,3.53,0
GDN,Gdańsk Lech Wałęsa Airport,54.37760162353515,18.46619987487793,3.55,0
VIE,Vienna International Airport,48.110298156738,16.569700241089,3.55,0
PUY,Pula Airport,44.89350128173828,13.922200202941896,3.58,0
OSR,Ostrava Leos Janáček Airport,49.6963005065918,18.111099243164062,3.59,0
BTS,M. R. Štefánik Airport,48.17020034790039,17.21269989013672,3.59,0
OPO,Francisco de Sá Carneiro Airport,41.2481002808,-8.68138980865,3.59,0
VLC,Valencia Airport,39.4893,-0.481625,3.61,0
NYO,Stockholm Skavsta Airport,58.78860092163086,16.912200927734375,3.61,0
MAH,Menorca Airport,39.86259841918945,4.218649864196777,3.62,0
RJK,Rijeka Airport,45.21689987182617,14.570300102233888,3.62,0
PMI,Palma De Mallorca Airport,39.551700592,2.73881006241,3.63,0
KTW,Katowice International Airport,50.4743,19.08,3.64,0
AES,Ålesund Airport,62.5625,6.119699954986572,3.65,0
VST,Stockholm Västerås Airport,59.58940124511719,16.63360023498535,3.65,0
ZAG,Zagreb Airport,45.7429008484,16.0687999725,3.66,0
PEG,Perugia San Francesco d'Assisi – Umbria International Airport,43.095901,12.5132,3.67,0
AOI,Ancona Falconara Airport,43.616299,13.3623,3.67,0
OLB,Olbia Costa Smeralda Airport,40.898701,9.51763,3.69,0
IBZ,Ibiza Airport,38.8728981018,1.3731199502899998,3.7,0
KRK,Kraków John Paul II International Airport,50.077702,19.7848,3.71,0
WMI,Modlin Airport,52.451099,20.6518,3.73,0
AHO,Alghero-Fertilia Airport,40.632099,8.29077,3.73,0
FCO,Leonardo da Vinci–Fiumicino Airport,41.8002778,12.2388889,3.75,0
ZAD,Zadar Airport,44.108299,15.3467,3.76,0
ALC,Alicante International Airport,38.28219985961914,-0.5581560134887695,3.78,0
ARN,Stockholm-Arlanda Airport,59.651901245117,17.918600082397,3.78,0
BUD,Budapest Liszt Ferenc International Airport,47.42976,19.261093,3.8,0
WAW,Warsaw Chopin Airport,52.1656990051,20.967100143399996,3.81,0
CIA,Ciampino–G. B. Pastine International Airport,41.7994,12.5949,3.81,0
PSR,Pescara International Airport,42.431702,14.1811,3.84,0
MJV,San Javier Airport,37.775001525878906,-0.8123890161514282,3.85,0
SPU,Split Airport,43.53889846801758,16.29800033569336,3.86,0
TRD,Trondheim Airport Værnes,63.4578018,10.9239998,3.89,0
RZE,Rzeszów-Jasionka Airport,50.1100006104,22.0189990997,3.9,0
OSI,Osijek Airport,45.46269989013672,18.810199737548828,3.91,0
LIS,Humberto Delgado Airport (Lisbon Portela Airport),38.7813,-9.13592,3.92,0
LUZ,Lublin Airport,51.240278,22.713611,3.93,0
CAG,Cagliari Elmas Airport,39.251499,9.05428,3.94,0
KSC,Košice Airport,48.66310119628906,21.241100311279297,3.95,0
SVQ,Sevilla Airport,37.417999267578125,-5.8931097984313965,3.98,0
NAP,Naples International Airport,40.886002,14.2908,3.98,0
LEI,Almería International Airport,36.84389877319336,-2.3701000213623047,3.99,0
KUN,Kaunas International Airport,54.96390151977539,24.084800720214844,4.0,0
GRX,Federico Garcia Lorca Airport,37.18870162963867,-3.777359962463379,4.01,0
RIX,Riga International Airport,56.92359924316406,23.971099853515625,4.02,0
ALG,Houari Boumediene Airport,36.69100189208984,3.215409994125366,4.03,0
AGP,Málaga Airport,36.67490005493164,-4.499110221862793,4.04,0
DEB,Debrecen International Airport,47.48889923095703,21.615299224853516,4.05,0
VNO,Vilnius International Airport,54.634102,25.285801,4.09,0
FAO,Faro Airport,37.0144004822,-7.96590995789,4.1,0
DBV,Dubrovnik Airport,42.5614013671875,18.268199920654297,4.1,0
BEG,Belgrade Nikola Tesla Airport,44.8184013367,20.3090991974,4.11,0
BRI,Bari Karol Wojtyła Airport,41.138901,16.760599,4.12,0
TSR,Timişoara Traian Vuia Airport,45.80989837646485,21.337900161743164,4.13,0
GIB,Gibraltar Airport,36.1511993408,-5.3496599197400005,4.13,0
TIV,Tivat Airport,42.40470123291016,18.72330093383789,4.15,0
TLL,Lennart Meri Tallinn Airport,59.41329956049999,24.832799911499997,4.16,0
XRY,Jerez Airport,36.744598388671875,-6.060110092163086,4.18,0
TMP,Tampere-Pirkkala Airport,61.414100646973,23.604400634766,4.19,0
TNG,Ibn Batouta Airport,35.726898193400004,-5.91689014435,4.21,0
TGD,Podgorica Airport,42.359402,19.2519,4.21,0
PMO,Falcone–Borsellino Airport,38.175999,13.091,4.21,0
CLJ,Cluj-Napoca International Airport,46.78519821166992,23.686199188232425,4.27,0
TUN,Tunis Carthage International Airport,36.85100173950195,10.22719955444336,4.28,0
BDS,Brindisi – Salento Airport,40.6576,17.947001,4.28,0
HEL,Helsinki Vantaa Airport,60.317199707031,24.963300704956,4.3,0
SFT,Skellefteå Airport,64.62480163574219,21.076900482177734,4.3,0
KEF,Keflavik International Airport,63.985000610352,-22.605600357056,4.31,0
TIA,Tirana International Airport Mother Teresa,41.4146995544,19.7206001282,4.32,0
PRN,Priština International Airport,42.5728,21.035801,4.32,0
NBE,Enfidha - Hammamet International Airport,36.075833,10.438611,4.33,0
TGM,Transilvania Târgu Mureş International Airport,46.46770095825195,24.412500381469727,4.35,0
SUF,Lamezia Terme Airport,38.905399,16.2423,4.36,0
ACI,Alderney Airport,49.706104,-2.21472,4.37,1
MSQ,Minsk National Airport,53.882499694824,28.030700683594,4.39,0
CTA,Catania-Fontanarossa Airport,37.466801,15.0664,4.41,0
CRA,Craiova Airport,44.31809997558594,23.888599395751953,4.45,0
SKP,Skopje Alexander the Great Airport,41.961601,21.621401,4.47,0
CIY,Comiso Airport,36.994601,14.607182,4.49,0
SOF,Sofia Airport,42.69669342041016,23.411436080932617,4.5,0
CFU,Ioannis Kapodistrias International Airport,39.601898193359375,19.911699295043945,4.51,0
EXT,Exeter International Airport,50.73440170288086,-3.4138898849487305,4.51,1
FEZ,Saïss Airport,33.9272994995,-4.977960109709999,4.54,0
SOU,Southampton Airport,50.95029830932617,-1.3567999601364136,4.55,1
RBA,Rabat-Salé Airport,34.051498,-6.75152,4.56,0
MLA,Malta International Airport,35.857498,14.4775,4.56,0
ISC,St. Mary's Airport,49.913299560546875,-6.291669845581055,4.57,1
CMN,Mohammed V International Airport,33.36750030517578,-7.589970111846924,4.57,0
OTP,Henri Coandă International Airport,44.5711111,26.085,4.57,0
IAS,Iaşi Airport,47.17850112915039,27.6205997467041,4.58,0
BRS,Bristol Airport,51.382702,-2.71909,4.59,1
NWI,Norwich International Airport,52.6758003235,1.28278005123,4.61,1
LED,Pulkovo Airport,59.80030059814453,30.262500762939453,4.63,0
PVK,Aktion National Airport,38.925498962402344,20.765300750732425,4.64,0
CWL,Cardiff International Airport,51.39670181274414,-3.343329906463623,4.64,1
KIV,Chişinău International Airport,46.92770004272461,28.930999755859375,4.65,0
SKG,Thessaloniki Macedonia International Airport,40.51969909667969,22.97089958190918,4.65,0
IEV,Kiev Zhuliany International Airport,50.40194,30.45194,4.66,0
BLK,Blackpool International Airport,53.77170181274414,-3.0286099910736084,4.67,1
PDV,Plovdiv International Airport,42.067799,24.8508,4.67,0
GRQ,Eelde Airport,53.1197013855,6.57944011688,4.7,1
SCN,Saarbrücken Airport,49.2145996094,7.10950994492,4.7,1
EFL,Kefallinia Airport,38.12009811401367,20.500499725341797,4.7,0
KBP,Boryspil International Airport,50.345001220703125,30.894699096679688,4.7,0
CFR,Caen-Carpiquet Airport,49.173301696777344,-0.449999988079071,4.7,1
LPL,Liverpool John Lennon Airport,53.33359909057617,-2.849720001220703,4.71,1
WAT,Waterford Airport,52.187198638916016,-7.0869598388671875,4.74,1
SEN,Southend Airport,51.5713996887207,0.6955559849739075,4.74,1
BHX,Birmingham International Airport,52.453899383499994,-1.74802994728,4.74,1
CAL,Campbeltown Airport,55.437198638916016,-5.686389923095703,4.76,1
ZTH,"Zakynthos International Airport ""Dionysios Solomos""",37.7509,20.8843,4.77,0
HME,Oued Irara Airport,31.673000335699996,6.140439987180001,4.77,0
ILY,Islay Airport,55.68190002441406,-6.256669998168945,4.79,1
RNS,Rennes-Saint-Jacques Airport,48.069499969499994,-1.73478996754,4.8,1
EMA,East Midlands Airport,52.8311004639,-1.32806003094,4.8,1
RAK,Menara Airport,31.606899261499997,-8.03629970551,4.82,0
CFN,Donegal Airport,55.0442008972168,-8.340999603271484,4.82,1
CFE,Clermont-Ferrand Auvergne Airport,45.7867012024,3.1691699028,4.83,1
TOS,"Tromsø Airport,",69.68329620361328,18.918899536132812,4.85,0
HUY,Humberside Airport,53.57440185546875,-0.350832998752594,4.85,1
TRE,Tiree Airport,56.49919891357422,-6.869170188903809,4.85,1
PIK,Glasgow Prestwick Airport,55.5093994140625,-4.586669921875,4.86,1
VAR,Varna Airport,43.232101,27.8251,4.86,0
BOJ,Burgas Airport,42.56959915161133,27.515199661254883,4.89,0
FMO,Münster Osnabrück Airport,52.134601593,7.68483018875,4.89,1
GLO,Gloucestershire Airport,51.89419937133789,-2.167220115661621,4.89,1
KLX,Kalamata Airport,37.06829833984375,22.02549934387207,4.92,0
DSA,Robin Hood Doncaster Sheffield Airport,53.4805378105,-1.01065635681,4.92,1
BRR,Barra Airport,57.0228,-7.44306,4.92,1
WIC,Wick Airport,58.45890045166016,-3.09306001663208,4.94,1
TIP,Tripoli International Airport,32.6635017395,13.1590003967,4.94,0
PGX,Périgueux-Bassillac Airport,45.19810104370117,0.815555989742279,4.95,1
EBJ,Esbjerg Airport,55.525902,8.5534,4.96,1
LPY,Le Puy-Loudes Airport,45.0806999206543,3.762890100479126,4.96,1
BEB,Benbecula Airport,57.48109817504883,-7.362780094146728,4.96,1
BVA,Paris Beauvais Tillé Airport,49.45439910888672,2.1127800941467285,4.96,1
AUR,Aurillac Airport,44.89139938354492,2.4219400882720947,4.97,1
LAI,Lannion-Côte de Granit Airport,48.754398,-3.47166,4.97,1
ATH,Eleftherios Venizelos International Airport,37.9364013672,23.9444999695,4.97,0
MME,Durham Tees Valley Airport,54.50920104980469,-1.4294099807739258,4.98,1
LRT,Lorient South Brittany (Bretagne Sud) Airport,47.76060104370117,-3.440000057220459,4.99,1
SYY,Stornoway Airport,58.215599060058594,-6.331110000610352,5.0,1
KOI,Kirkwall Airport,58.957801818847656,-2.9049999713897705,5.0,1
CRL,Brussels South Charleroi Airport,50.459202,4.45382,5.0,1
AGA,Al Massira Airport,30.325000762939453,-9.41306972503662,5.03,0
UIP,Quimper-Cornouaille Airport,47.974998474121094,-4.167789936065674,5.05,1
FNC,Madeira Airport,32.697899,-16.7745,5.05,0
IST,Istanbul Airport,41.275278,28.751944,5.06,0
BOH,Bournemouth Airport,50.779998779296875,-1.8424999713897705,5.06,1
ZQW,Zweibrücken Airport,49.2094,7.40056,5.07,1
GWT,Westerland Sylt Airport,54.9132003784,8.34047031403,5.08,1
AGF,Agen-La Garenne Airport,44.17470169067383,0.5905560255050659,5.09,1
PDL,João Paulo II Airport,37.7411994934,-25.6979007721,5.1,0
FDH,Friedrichshafen Airport,47.671298980699994,9.51148986816,5.1,1
VKO,Vnukovo International Airport,55.5914993286,37.2615013123,5.11,0
SVO,Sheremetyevo International Airport,55.972599,37.4146,5.12,0
LSI,Sumburgh Airport,59.87889862060547,-1.295560002326965,5.13,1
SAW,Sabiha Gökçen International Airport,40.898601532,29.3092002869,5.13,0
JMK,Mikonos Airport,37.43510055541992,25.348100662231445,5.13,0
LUG,Lugano Airport,46.00429916379999,8.9105796814,5.14,1
DCM,Castres-Mazamet Airport,43.55630111694336,2.289180040359497,5.15,1
DME,Domodedovo International Airport,55.40879821777344,37.90629959106445,5.16,0
ADB,Adnan Menderes International Airport,38.2924003601,27.156999588,5.19,0
LIL,Lille-Lesquin Airport,50.563332,3.086886,5.2,1
PUF,Pau Pyrénées Airport,43.380001068115234,-0.4186109900474548,5.21,1
RLG,Rostock-Laage Airport,53.9182014465,12.2783002853,5.22,1
CHQ,Chania International Airport,35.531700134277344,24.14970016479492,5.23,0
KRS,Kristiansand Airport,58.204201,8.08537,5.24,1
JTR,Santorini Airport,36.399200439453125,25.47929954528809,5.24,0
SRP,Stord Airport,59.791900634765625,5.340849876403809,5.26,1
HDF,Heringsdorf Airport,53.8787002563,14.152299881,5.27,1
AVN,Avignon-Caumont Airport,43.90729904174805,4.901830196380615,5.29,1
RNN,Bornholm Airport,55.06330108642578,14.759599685668944,5.32,1
KGS,Kos Airport,36.79330062866211,27.091699600219727,5.33,0
BJV,Milas Bodrum International Airport,37.25059890749999,27.6643009186,5.33,0
HER,Heraklion International Nikos Kazantzakis Airport,35.3396987915,25.1802997589,5.33,0
ETZ,Metz-Nancy-Lorraine Airport,48.9821014404,6.25131988525,5.35,1
ACE,Lanzarote Airport,28.945499,-13.6052,5.37,0
SGD,Sønderborg Airport,54.96440124511719,9.791729927062988,5.38,1
VXO,Växjö Kronoberg Airport,56.929100036621094,14.727999687194824,5.41,1
KRP,Karup Airport,56.29750061035156,9.124629974365234,5.43,1
FUE,Fuerteventura Airport,28.452699661254883,-13.863800048828123,5.44,0
RHO,Diagoras Airport,36.405399322509766,28.086200714111328,5.44,0
CLY,Calvi-Sainte-Catherine Airport,42.5244444,8.7930556,5.46,1
DLM,Dalaman International Airport,36.7131004333,28.7924995422,5.47,0
SOG,Sogndal Airport,61.156101,7.13778,5.47,1
FRO,Florø Airport,61.583599090576,5.0247201919556,5.47,1
KLU,Klagenfurt Airport,46.642502,14.3377,5.49,1
GRZ,Graz Airport,46.9911003112793,15.439599990844728,5.52,1
EBA,Marina Di Campo Airport,42.7603,10.2394,5.56,1
HOV,"Ørsta-Volda Airport, Hovden",62.180000305176,6.0741000175476,5.56,1
LPA,Gran Canaria Airport,27.931900024414062,-15.38659954071045,5.58,0
LPI,Linköping City Airport,58.4062004089,15.6805000305,5.58,1
LEH,Le Havre Octeville Airport,49.53390121459961,0.0880559980869293,5.59,1
FSC,Figari Sud-Corse Airport,41.5005989074707,9.097780227661133,5.6,1
AYT,Antalya International Airport,36.898701,30.800501,5.61,0
TFS,Tenerife South Airport,28.044500351,-16.5725002289,5.62,0
SKE,Skien Airport,59.185001373291016,9.566940307617188,5.63,1
MOL,Molde Airport,62.744701385498,7.2624998092651,5.66,1
VDB,Leirin Airport,61.015598297119,9.2880601882935,5.66,1
PAD,Paderborn Lippstadt Airport,51.614101409899995,8.616319656369999,5.66,1
VBY,Visby Airport,57.662799835205,18.346200942993,5.66,1
DIJ,Dijon-Bourgogne Airport,47.268902,5.09,5.67,1
ORB,Örebro Airport,59.22370147705078,15.038000106811523,5.71,1
KSU,Kristiansund Airport (Kvernberget),63.111801147461,7.824520111084,5.72,1
BMA,Stockholm-Bromma Airport,59.354400634765625,17.941699981689453,5.72,1
VGO,Vigo Airport,42.2318000793457,-8.62677001953125,5.75,1
MHG,Mannheim-City Airport,49.473057,8.514167,5.77,1
BLE,Borlange Airport,60.422000885009766,15.515199661254885,5.77,1
PLQ,Palanga International Airport,55.973201751708984,21.093900680541992,5.79,1
RJL,Logroño-Agoncillo Airport,42.4609534888,-2.32223510742,5.81,1
RRS,Røros Airport,62.578399658203,11.342300415039,5.83,1
BNX,Banja Luka International Airport,44.94139862060547,17.297500610351562,5.84,1
KGD,Khrabrovo Airport,54.88999938964844,20.592599868774418,5.86,1
EAS,San Sebastian Airport,43.35649871826172,-1.7906099557876587,5.87,1
PNA,Pamplona Airport,42.77000045776367,-1.6463299989700315,5.88,1
SDN,Sandane Airport (Anda),61.830001831055,6.1058301925659,5.9,1
BJZ,Badajoz Airport,38.891300201416016,-6.8213300704956055,5.92,1
MHQ,Mariehamn Airport,60.122200012207,19.898199081421,5.93,1
PFO,Paphos International Airport,34.71799850463867,32.48569869995117,5.96,0
RGS,Burgos Airport,42.357601,-3.62076,5.98,1
OLA,Ørland Airport,63.69889831542969,9.604000091552734,5.99,1
SJJ,Sarajevo International Airport,43.82460021972656,18.331499099731445,6.01,1
ILD,Lleida-Alguaire Airport,41.728185,0.535023,6.01,1
BWK,Bol Airport,43.285701751708984,16.67970085144043,6.01,1
OSY,Namsos Høknesøra Airport,64.472198486328,11.57859992981,6.03,1
LCA,Larnaca International Airport,34.875099182128906,33.624900817871094,6.04,0
AGB,Augsburg Airport,48.425278,10.931667,6.06,1
RVK,"Rørvik Airport, Ryum",64.838302612305,11.14610004425,6.08,1
MXX,Mora Airport,60.957901,14.5114,6.08,1
LWO,Lviv International Airport,49.8125,23.956100463867188,6.08,1
OMO,Mostar International Airport,43.282901763916016,17.84589958190918,6.08,1
SDL,Sundsvall-Härnösand Airport,62.528099060058594,17.443899154663086,6.09,1
HFS,Hagfors Airport,60.02009963989258,13.578900337219238,6.09,1
VLL,Valladolid Airport,41.7061004639,-4.85194015503,6.1,1
KSD,Karlstad Airport,59.4446983337,13.3374004364,6.11,1
TKU,Turku Airport,60.514099121094,22.262800216675,6.11,1
BJA,Soummam Airport,36.7120018005,5.0699200630200005,6.11,1
FAE,Vagar Airport,62.0635986328125,-7.277219772338867,6.11,1
BNN,Brønnøysund Airport,65.461097717285,12.217499732971,6.13,1
AAE,Rabah Bitat Airport,36.822201,7.809174,6.13,1
ORN,Es Senia Airport,35.6239013672,-0.6211829781529999,6.15,1
POR,Pori Airport,61.461700439453,21.799999237061,6.15,1
EBU,Saint-Étienne-Bouthéon Airport,45.54059982299805,4.296390056610107,6.16,1
JKG,Jönköping Airport,57.757598876953125,14.068699836730955,6.16,1
SLM,Salamanca Airport,40.95209884643555,-5.501989841461182,6.17,1
LBC,Lübeck Blankensee Airport,53.8054008484,10.7192001343,6.18,1
CZL,Mohamed Boudiaf International Airport,36.2760009765625,6.620389938354492,6.18,1
QSF,Ain Arnat Airport,36.178100585900005,5.3244900703399995,6.18,1
EVG,Sveg Airport,62.04779815673828,14.422900199890137,6.19,1
LEN,Leon Airport,42.5890007019043,-5.65556001663208,6.19,1
KLR,Kalmar Airport,56.68550109863281,16.287599563598633,6.21,1
ACH,St Gallen Altenrhein Airport,47.4850006104,9.560770034789998,6.21,1
MLN,Melilla Airport,35.279800415,-2.9562599659,6.21,1
TPS,Vincenzo Florio Airport Trapani-Birgi,37.9114,12.488,6.22,1
MJF,Mosjøen Airport (Kjærstad),65.783996582031,13.214900016785,6.24,1
SSJ,Sandnessjøen Airport (Stokka),65.956802368164,12.468899726868,6.24,1
BLJ,Batna Airport,35.752101898199996,6.308589935300001,6.25,1
KRF,Kramfors Sollefteå Airport,63.04859924316406,17.76889991760254,6.25,1
CFK,Ech Cheliff Airport,36.2126998901,1.33176994324,6.26,1
CUF,Cuneo International Airport,44.547001,7.62322,6.28,1
RNB,Ronneby Airport,56.266700744629,15.265000343323,6.29,1
TID,Bou Chekif Airport,35.3410987854,1.46315002441,6.3,1
OER,Örnsköldsvik Airport,63.40829849243164,18.989999771118164,6.31,1
VAA,Vaasa Airport,63.050701141357,21.762199401855,6.32,1
OSD,Åre Östersund Airport,63.194400787354,14.50030040741,6.32,1
BEY,Beirut Rafic Hariri International Airport,33.820899963378906,35.488399505615234,6.33,0
ARW,Arad International Airport,46.17660140991211,21.261999130249023,6.33,1
SBZ,Sibiu International Airport,45.78559875488281,24.091299057006836,6.33,1
MQN,"Mo i Rana Airport, Røssvoll",66.363899230957,14.301400184631,6.33,1
HAD,Halmstad Airport,56.69110107421875,12.820199966430664,6.34,1
TLM,Zenata – Messali El Hadj Airport,35.0167007446,-1.45000004768,6.37,1
KID,Kristianstad Airport,55.92169952392578,14.08549976348877,6.37,1
UME,Umeå Airport,63.791801452637,20.282800674438,6.38,1
REG,Reggio Calabria Airport,38.071201,15.6516,6.38,1
AGH,Ängelholm-Helsingborg Airport,56.29610061645508,12.847100257873535,6.38,1
MIR,Monastir Habib Bourguiba International Airport,35.75809860229492,10.75469970703125,6.39,1
CAI,Cairo International Airport,30.12190055847168,31.40559959411621,6.39,0
BSK,Biskra Airport,34.793300628699996,5.73823022842,6.39,1
BZO,Bolzano Airport,46.460201,11.3264,6.4,1
URE,Kuressaare Airport,58.22990036010742,22.50950050354004,6.4,1
BOO,Bodø Airport,67.26920318603516,14.365300178527832,6.41,1
NDR,Nador International Airport,34.988800048799995,-3.0282099247,6.41,1
OUD,Angads Airport,34.787200927734375,-1.92399001121521,6.41,1
TLV,Ben Gurion International Airport,32.01139831542969,34.88669967651367,6.42,0
MUW,Ghriss Airport,35.207698822021484,0.1471419930458068,6.43,1
CEG,Hawarden Airport,53.1781005859375,-2.9777801036834717,6.43,1
PNL,Pantelleria Airport,36.816502,11.9689,6.43,1
LYC,Lycksele Airport,64.54830169677734,18.71619987487793,6.46,1
VHM,Vilhelmina Airport,64.5791015625,16.833599090576172,6.47,1
EBH,El Bayadh Airport,33.721666666699996,1.0925,6.5,1
SFA,Sfax Thyna International Airport,34.71799850463867,10.690999984741213,6.52,1
HRM,Hassi R'Mel Airport,32.93040084838867,3.311539888381958,6.55,1
TOE,Tozeur Nefta International Airport,33.939701080322266,8.110560417175293,6.56,1
AMM,Queen Alia International Airport,31.7226009369,35.9931983948,6.58,0
LMP,Lampedusa Airport,35.497898,12.6181,6.58,1
JYV,Jyvaskyla Airport,62.399501800537,25.678300857544,6.59,1
TAY,Tartu Airport,58.3074989319,26.690399169900004,6.6,1
TEE,Cheikh Larbi Tébessi Airport,35.4315986633,8.12071990967,6.6,1
MZW,Mecheria Airport,33.535900116,-0.242353007197,6.61,1
EVE,"Harstad/Narvik Airport, Evenes",68.491302490234,16.678100585938,6.62,1
YYT,St. John's International Airport,47.618598938,-52.7518997192,6.62,0
XFW,Hamburg-Finkenwerder Airport,53.5352783203125,9.835556030273438,6.62,1
LPP,Lappeenranta Airport,61.044601,28.144743,6.62,1
ELU,Guemar Airport,33.5113983154,6.77679014206,6.62,1
TGR,Touggourt Sidi Madhi Airport,33.06779861450195,6.088669776916504,6.62,1
GHA,Noumérat - Moufdi Zakaria Airport,32.38410186767578,3.794110059738159,6.62,1
LEQ,Land's End Airport,50.102798,-5.67056,6.63,2
DJE,Djerba Zarzis International Airport,33.875,10.775500297546388,6.63,1
LLA,Luleå Airport,65.543800354004,22.121999740601,6.64,1
SVL,Savonlinna Airport,61.943099975586,28.945100784302,6.64,1
GAF,Gafsa Ksar International Airport,34.422000885009766,8.822500228881836,6.65,1
OUL,Oulu Airport,64.930099487305,25.354600906372,6.65,1
LGG,Liège Airport,50.63740158081055,5.443220138549805,6.68,1
MST,Maastricht Aachen Airport,50.911701,5.77014,6.68,1
GAE,Gabès Matmata International Airport,33.87689971923828,10.103300094604492,6.69,1
KUO,Kuopio Airport,63.007099151611,27.797800064087,6.71,1
OGX,Ain el Beida Airport,31.917200088500977,5.412779808044434,6.73,1
JOE,Joensuu Airport,62.662899017334,29.607500076294,6.74,1
KVA,Alexander the Great International Airport,40.913299560546875,24.619199752807617,6.75,1
KOK,Kokkola-Pietarsaari Airport,63.721199035645,23.143100738525,6.78,1
TZL,Tuzla International Airport,44.45869827270508,18.72480010986328,6.79,1
VOL,Nea Anchialos Airport,39.219600677490234,22.794300079345703,6.79,1
BDU,Bardufoss Airport,69.055801391602,18.540399551392,6.8,1
SSH,Sharm El Sheikh International Airport,27.9773006439,34.3950004578,6.8,0
GEV,Gällivare Airport,67.13240051269531,20.814599990844727,6.83,1
GPA,Araxos Airport,38.1511,21.4256,6.84,1
HRG,Hurghada International Airport,27.178300857543945,33.799400329589844,6.85,0
KAJ,Kajaani Airport,64.285499572754,27.692399978638,6.87,1
ODS,Odessa International Airport,46.42679977416992,30.67650032043457,6.9,1
LXS,Limnos Airport,39.917098999,25.236299514799995,6.91,1
OZZ,Ouarzazate Airport,30.9391002655,-6.909430027010001,6.91,1
VLY,Anglesey Airport,53.2481002808,-4.53533983231,6.92,2
SKU,Skiros Airport,38.9676017761,24.4871997833,6.92,1
KRN,Kiruna Airport,67.821998596191,20.336799621582,6.92,1
SOJ,Sørkjosen Airport,69.786796569824,20.959400177002,6.94,1
NRK,Norrköping Airport,58.586299896240234,16.250600814819336,6.95,1
TTU,Saniat R'mel Airport,35.594299316406,-5.320020198822,6.97,1
GYD,Heydar Aliyev International Airport,40.467498779296875,50.04669952392578,6.97,0
LXR,Luxor International Airport,25.671,32.7066,6.98,0
ANX,Andøya Airport,69.292503356934,16.144199371338,6.99,1
TYF,Torsby Airport,60.1576004028,12.991299629199998,6.99,1
ALF,Alta Airport,69.976097106934,23.371700286865,7.02,1
SOY,Stronsay Airport,59.1553001404,-2.64139008522,7.03,2
EOI,Eday Airport,59.19060134887695,-2.7722198963165283,7.03,2
HAA,Hasvik Airport,70.486701965332,22.139699935913,7.03,1
PXO,Porto Santo Airport,33.0733985901,-16.3500003815,7.04,1
NDY,Sanday Airport,59.250301361083984,-2.576669931411743,7.05,2
KEM,Kemi-Tornio Airport,65.778701782227,24.582099914551,7.05,1
WRY,Westray Airport,59.3502998352,-2.95000004768,7.05,2
PPW,Papa Westray Airport,59.351699829100006,-2.9002799987800003,7.05,2
BAY,Tautii Magheraus Airport,47.65840148925781,23.469999313354492,7.06,1
NRL,North Ronaldsay Airport,59.3675003052,-2.43443989754,7.06,2
KIT,Kithira Airport,36.2742996216,23.0170001984,7.08,1
MJT,Mytilene International Airport,39.0567016602,26.5983009338,7.09,1
SKN,Stokmarknes Skagen Airport,68.578826904297,15.033416748047,7.09,1
OMR,Oradea International Airport,47.025299072265625,21.90250015258789,7.09,1
SUJ,Satu Mare Airport,47.70330047607422,22.88570022583008,7.1,1
JSY,Syros Airport,37.4227981567,24.9508991241,7.1,1
JKH,Chios Island National Airport,38.34320068359375,26.140600204467773,7.11,1
HFT,Hammerfest Airport,70.679702758789,23.668600082397,7.11,1
KAO,Kuusamo Airport,65.987602233887,29.239400863647,7.12,1
LKL,Banak Airport,70.068801879883,24.973499298096,7.14,1
ESU,Mogador Airport,31.3974990845,-9.6816701889,7.14,1
JSI,Skiathos Island National Airport,39.177101135253906,23.503700256347656,7.15,1
PAS,Paros National Airport,37.020495,25.113195,7.15,1
MLO,Milos Airport,36.696899,24.4769,7.15,1
RVN,Rovaniemi Airport,66.564796447754,25.830400466919,7.16,1
DNK,Dnipropetrovsk International Airport,48.357200622558594,35.10060119628906,7.17,1
JNX,Naxos Airport,37.0811004639,25.3680992126,7.17,1
HRK,Kharkiv International Airport,49.924800872802734,36.290000915527344,7.17,1
CEE,Cherepovets Airport,59.273601532,38.0158004761,7.17,1
DLE,Dole-Tavaux Airport,47.042686,5.435063,7.2,1
KKN,Kirkenes Airport (Høybuktmoen),69.725799560547,29.891300201416,7.2,1
XCR,Châlons-Vatry Airport,48.7733333333,4.206111111,7.22,1
SMA,Santa Maria Airport,36.97140121459961,-25.17060089111328,7.22,1
OZH,Zaporizhzhia International Airport,47.867000579833984,35.31570053100586,7.22,1
SMI,Samos Airport,37.689998626708984,26.911699295043945,7.23,1
OST,Ostend-Bruges International Airport,51.198898315399994,2.8622200489,7.24,1
JIK,Ikaria Airport,37.6827011108,26.3470993042,7.24,1
PJA,Pajala Airport,67.24559783935547,23.06889915466309,7.25,1
IFO,Ivano-Frankivsk International Airport,48.88420104980469,24.686100006103516,7.29,1
JTY,Astypalaia Airport,36.5798988342,26.3757991791,7.3,1
LRS,Leros Airport,37.184898,26.800301,7.3,1
TER,Lajes Airport,38.761799,-27.090799,7.31,1
AZR,Touat Cheikh Sidi Mohamed Belkebir Airport,27.837600708007812,-0.1864140033721923,7.31,1
ONQ,Zonguldak Airport,41.506401062,32.0886001587,7.31,1
JKL,Kalymnos Airport,36.9632987976,26.9405994415,7.33,1
INZ,In Salah Airport,27.250999450699997,2.51202011108,7.33,1
AOE,Anadolu Airport,39.809898,30.5194,7.34,1
SRX,Gardabya Airport,31.063499450699997,16.5949993134,7.36,1
VDS,Vadsø Airport,70.065299987793,29.844699859619,7.37,1
KZI,Filippos Airport,40.28609848022461,21.84079933166504,7.37,1
SID,Amílcar Cabral International Airport,16.7414,-22.9494,7.38,0
KSF,Kassel-Calden Airport,51.417273,9.384967,7.39,1
IOA,Ioannina Airport,39.6963996887207,20.822500228881836,7.39,1
KZR,Zafer Airport,39.113079,30.128111,7.39,1
DOK,Donetsk International Airport,48.07360076904297,37.73970031738281,7.39,1
SJZ,São Jorge Airport,38.66550064086914,-28.175800323486328,7.4,1
IAR,Tunoshna Airport,57.560699462890625,40.15739822387695,7.4,1
BEN,Benina International Airport,32.096801757799994,20.2695007324,7.41,1
JSH,Sitia Airport,35.21609878540039,26.101299285888672,7.42,1
PIX,Pico Airport,38.554298,-28.441299,7.42,1
IAM,In Aménas Airport,28.0515,9.64291,7.42,1
KSO,Kastoria National Airport,40.4463005066,21.2821998596,7.42,1
AXD,Dimokritos Airport,40.855899810791016,25.956300735473633,7.43,1
UDJ,Uzhhorod International Airport,48.634300231933594,22.263399124145508,7.43,1
EDO,Balıkesir Körfez Airport,39.554599762,27.0137996674,7.43,1
HOR,Horta Airport,38.519901275634766,-28.715900421142575,7.44,1
BVC,Rabil Airport,16.136499404907227,-22.888900756835938,7.45,0
IVL,Ivalo Airport,68.607299804688,27.405300140381,7.45,1
AOK,Karpathos Airport,35.4213981628418,27.145999908447266,7.47,1
LTD,Ghadames East Airport,30.15169906616211,9.715310096740724,7.47,1
SIP,Simferopol International Airport,45.05220031738281,33.975101470947266,7.49,1
CND,Mihail Kogălniceanu International Airport,44.36220169067383,28.488300323486328,7.49,1
IKA,Imam Khomeini International Airport,35.416099548339844,51.152198791503906,7.5,0
ESB,Esenboğa International Airport,40.1281013489,32.995098114,7.5,1
UKS,Belbek Airport,44.688999176,33.570999145500004,7.52,1
MMK,Murmansk Airport,68.78170013427734,32.75080108642578,7.53,1
DNZ,Çardak Airport,37.7855987549,29.7012996674,7.55,1
TFN,Tenerife Norte Airport,28.4827003479,-16.3414993286,7.56,1
ISE,Süleyman Demirel International Airport,37.8554000854,30.368400573699997,7.56,1
ARH,Talagi Airport,64.60030364990234,40.71670150756836,7.57,1
KFS,Kastamonu Airport,41.31420135498047,33.795799255371094,7.58,1
ROV,Platov International Airport,47.493888,39.924722,7.59,1
VOZ,Voronezh International Airport,51.81420135498047,39.22959899902344,7.6,1
GOJ,Nizhny Novgorod Strigino International Airport,56.230098724365,43.784000396729,7.61,1
KZS,Kastelorizo Airport,36.1417007446,29.576400756799995,7.61,1
TBW,Donskoye Airport,52.806098937988,41.482799530029,7.62,1
URS,Kursk East Airport,51.7505989074707,36.29560089111328,7.65,1
KRR,Krasnodar Pashkovsky International Airport,45.034698486328,39.170501708984,7.66,1
EUN,Hassan I Airport,27.151699,-13.2192,7.66,1
KYA,Konya Airport,37.979,32.561901,7.66,1
YHZ,Halifax / Stanfield International Airport,44.8807983398,-63.5085983276,7.7,0
NOP,Sinop Airport,42.015800476074,35.066398620605,7.72,1
LAQ,La Abraq Airport,32.788700103759766,21.96430015563965,7.72,1
FLW,Flores Airport,39.455299377441406,-31.13139915466309,7.73,1
NAV,Nevşehir Kapadokya Airport,38.7719,34.5345,7.76,1
MZH,Amasya Merzifon Airport,40.829399,35.521999,7.77,1
SKX,Saransk Airport,54.12512969970703,45.212257385253906,7.77,1
VDE,Hierro Airport,27.814800262451172,-17.887100219726562,7.78,1
SPC,La Palma Airport,28.626499,-17.7556,7.8,1
KWI,Kuwait International Airport,29.226600646972656,47.96889877319336,7.81,0
PEZ,Penza Airport,53.110599517822266,45.02109909057617,7.82,1
AER,Sochi International Airport,43.449902,39.9566,7.83,1
EGO,Belgorod International Airport,50.643798828125,36.5900993347168,7.83,1
ASR,Kayseri Erkilet Airport,38.770401001,35.4953994751,7.83,1
GZP,Gazipaşa Airport,36.299217,32.300598,7.84,1
JED,King Abdulaziz International Airport,21.6796,39.156502,7.86,0
DJG,Djanet Inedbirene Airport,24.292801,9.45244,7.89,1
ASB,Ashgabat International Airport,37.986801,58.361,7.89,0
CSY,Cheboksary Airport,56.090301513671875,47.3473014831543,7.9,1
ABV,Nnamdi Azikiwe International Airport,9.006790161132812,7.263169765472412,7.93,0
VAS,Sivas Nuri Demirağ Airport,39.813801,36.9035,7.94,1
TSE,Astana International Airport,51.02220153808594,71.46690368652344,7.96,0
ADA,Adana Airport,36.9822006226,35.280399322499996,7.97,1
TOB,Gamal Abdel Nasser Airport,31.861,23.907,7.98,1
KVX,Pobedilovo Airport,58.503299713135,49.348300933838,7.99,1
ULV,Ulyanovsk Baratayevka Airport,54.26829910279999,48.226699829100006,8.0,1
ECN,Ercan International Airport,35.154701232910156,33.49610137939453,8.0,1
LYR,"Svalbard Airport, Longyear",78.246101379395,15.465600013733,8.0,1
RTW,Saratov Central Airport,51.564998626708984,46.04669952392578,8.0,1
SCW,Syktyvkar Airport,61.64699935913086,50.84510040283203,8.03,1
KZN,Kazan International Airport,55.606201171875,49.278701782227,8.04,1
GHT,Ghat Airport,25.1455993652,10.1426000595,8.04,1
GOH,Godthaab / Nuuk Airport,64.19090271,-51.6781005859,8.05,1
FNA,Lungi International Airport,8.61644,-13.1955,8.06,0
KCM,Kahramanmaraş Airport,37.5388259888,36.9535217285,8.07,1
PES,Petrozavodsk Airport,61.88520050048828,34.154701232910156,8.1,1
HTY,Hatay Airport,36.36277771,36.282222747800006,8.11,1
MLX,Malatya Erhaç Airport,38.4352989197,38.0909996033,8.12,1
KUT,Kopitnari Airport,42.176700592,42.4826011658,8.14,1
RUH,King Khaled International Airport,24.957599639892575,46.69879913330078,8.14,0
HBE,Borg El Arab International Airport,30.917699813842773,29.696399688720703,8.14,1
THN,Trollhättan-Vänersborg Airport,58.31809997558594,12.345000267028809,8.15,2
OUZ,Tazadit Airport,22.75639915466309,-12.483599662780762,8.15,1
GZT,Gaziantep International Airport,36.9472007751,37.4786987305,8.16,1
VIL,Dakhla Airport,23.7183,-15.932,8.16,1
KUF,Kurumoch International Airport,53.504901885986,50.16429901123,8.18,1
ADF,Adıyaman Airport,37.7313995361,38.4688987732,8.2,1
TZX,Trabzon International Airport,40.99509811401367,39.78969955444336,8.21,1
ERC,Erzincan Airport,39.7102012634,39.527000427199994,8.21,1
LOS,Murtala Muhammed International Airport,6.5773701667785645,3.321160078048706,8.22,0
VOG,Volgograd International Airport,48.782501220703125,44.34550094604492,8.23,1
EZS,Elazığ Airport,38.6068992615,39.2914009094,8.23,1
UCT,Ukhta Airport,63.566898345947266,53.8046989440918,8.24,1
NBC,Begishevo Airport,55.564701080322266,52.092498779296875,8.26,1
GNY,Şanlıurfa GAP Airport,37.445663,38.895592,8.26,1
TGK,Taganrog Yuzhny Airport,47.1983333,38.8491667,8.3,1
BAH,Bahrain International Airport,26.27079963684082,50.63359832763672,8.33,0
ACC,Kotoka International Airport,5.605189800262451,-0.1667860001325607,8.34,0
UUA,Bugulma Airport,54.63999938964844,52.801700592041016,8.34,1
IJK,Izhevsk Airport,56.82809829711914,53.45750045776367,8.35,1
BGG,Bingöl Çeltiksuyu Airport,38.8592605591,40.5959625244,8.35,1
DIY,Diyarbakir Airport,37.893901825,40.2010002136,8.36,1
ERZ,Erzurum International Airport,39.9565010071,41.17020034789999,8.37,1
BUS,Batumi International Airport,41.6102981567,41.5997009277,8.39,1
TBS,Tbilisi International Airport,41.6692008972,44.95470047,8.39,1
PED,Pardubice Airport,50.01340103149414,15.73859977722168,8.4,1
MQM,Mardin Airport,37.2233009338,40.6316986084,8.45,1
BAL,Batman Airport,37.9290008545,41.1166000366,8.45,1
EVN,Zvartnots International Airport,40.1473007202,44.3959007263,8.46,1
MSR,Muş Airport,38.747798919677734,41.66120147705078,8.47,1
PEE,Bolshoye Savino Airport,57.914501190186,56.021198272705,8.47,1
YUL,Montreal / Pierre Elliott Trudeau International Airport,45.4706001282,-73.7407989502,8.48,0
BOS,General Edward Lawrence Logan International Airport,42.36429977,-71.00520325,8.51,0
DOH,Hamad International Airport,25.273056,51.608056,8.51,0
KLV,Karlovy Vary International Airport,50.202999114990234,12.914999961853027,8.53,1
ESL,Elista Airport,46.3739013671875,44.33089828491211,8.53,1
RET,Røst Airport,67.527801513672,12.103300094604,8.53,2
LKN,Leknes Airport,68.152496337891,13.609399795532,8.53,2
TAS,Tashkent International Airport,41.257900238,69.2811965942,8.54,0
SVJ,Svolvær Helle Airport,68.243301391602,14.669199943542,8.54,2
STW,Stavropol Shpakovskoye Airport,45.10919952392578,42.11280059814453,8.55,1
KSY,Kars Airport,40.562198638916016,43.1150016784668,8.56,1
NDB,Nouadhibou International Airport,20.9330997467041,-17.030000686645508,8.57,1
AJI,Ağrı Airport,39.654541015625,43.025978088378906,8.57,1
GUW,Atyrau Airport,47.12189865112305,51.8213996887207,8.58,1
UFA,Ufa International Airport,54.557498931885,55.874401092529,8.58,1
AAQ,Anapa Vityazevo Airport,45.002101898193,37.347301483154,8.6,1
MRV,Mineralnyye Vody Airport,44.225101470947266,43.08190155029297,8.6,1
AJR,Arvidsjaur Airport,65.59030151367188,19.28190040588379,8.61,2
NVK,Narvik Framnes Airport,68.436897277832,17.386699676514,8.63,2
AKF,Kufra Airport,24.178699493408203,23.31399917602539,8.64,1
YOW,Ottawa Macdonald-Cartier International Airport,45.3224983215332,-75.66919708251953,8.64,0
VAN,Van Ferit Melen Airport,38.46820068359375,43.332298278808594,8.65,1
IGD,Iğdır Airport,39.9766273499,43.8766479492,8.65,1
ANG,Angoulême-Brie-Champniers Airport,45.72919845581055,0.2214560061693191,8.66,2
HMV,Hemavan Airport,65.80609893798828,15.082799911499023,8.67,2
REN,Orenburg Central Airport,51.795799255371094,55.45669937133789,8.68,1
GDZ,Gelendzhik Airport,44.5820926295,38.0124807358,8.69,1
ASF,Astrakhan Airport,46.2832984924,48.0063018799,8.7,1
CBH,Béchar Boudghene Ben Ali Lotfi Airport,31.64570045471191,-2.269860029220581,8.73,2
OSM,Mosul International Airport,36.305801,43.1474,8.75,1
EBL,Erbil International Airport,36.23759841918945,43.96319961547851,8.76,1
ETH,Eilat Airport,29.56130027770996,34.96009826660156,8.76,1
DXB,Dubai International Airport,25.2527999878,55.3643989563,8.8,0
AQJ,Aqaba King Hussein International Airport,29.611600875854492,35.01810073852539,8.82,1
ATZ,Assiut International Airport,27.0464992523,31.0119991302,8.82,1
NAJ,Nakhchivan Airport,39.18880081176758,45.45840072631836,8.84,1
KVK,Kirovsk-Apatity Airport,67.46330261230469,33.58829879760742,8.85,1
MQF,Magnitogorsk International Airport,53.39310073852539,58.75569915771485,8.85,1
AUH,Abu Dhabi International Airport,24.433000564575195,54.651100158691406,8.86,0
YQX,Gander International Airport,48.9369010925293,-54.56809997558594,8.86,1
SVX,Koltsovo Airport,56.743099212646,60.802700042725,8.86,1
JFK,John F Kennedy International Airport,40.63980103,-73.77890015,8.88,0
BDA,L.F. Wade International International Airport,32.36399841308594,-64.67870330810547,8.89,0
KVD,Ganja Airport,40.737701416015625,46.31760025024414,8.89,1
NKC,Nouakchott–Oumtounsy International Airport,18.31,-15.9697222,8.89,1
EWR,Newark Liberty International Airport,40.692501068115234,-74.168701171875,8.91,0
HMB,Sohag International Airport,26.342778,31.742778,8.91,1
AKX,Aktobe Airport,50.2458,57.206699,8.92,1
ISU,Sulaymaniyah International Airport,35.5617485046,45.3167381287,8.93,1
OGZ,Beslan Airport,43.2051010132,44.6066017151,8.95,1
FSP,St Pierre Airport,46.762901306152344,-56.173099517822266,8.96,1
TBZ,Tabriz International Airport,38.1338996887207,46.23500061035156,8.96,1
OSW,Orsk Airport,51.0724983215332,58.59560012817383,8.97,1
CEK,Chelyabinsk Balandino Airport,55.305801,61.5033,8.99,1
ALA,Almaty Airport,43.35210037231445,77.04049682617188,8.99,0
TUU,Tabuk Airport,28.3654,36.6189,9.06,1
PHL,Philadelphia International Airport,39.87189865112305,-75.24109649658203,9.07,0
RMF,Marsa Alam International Airport,25.557100296,34.5836982727,9.08,1
BGW,Baghdad International Airport,33.262500762900004,44.2346000671,9.08,1
ELG,El Golea Airport,30.571300506591797,2.8595900535583496,9.09,2
YYZ,Lester B. Pearson International Airport,43.6772003174,-79.63059997559999,9.09,0
YDF,Deer Lake Airport,49.21080017089844,-57.39139938354492,9.1,1
MCX,Uytash Airport,42.81679916381836,47.65230178833008,9.11,1
SCO,Aktau Airport,43.8601,51.091999,9.14,1
AHU,Cherif Al Idrissi Airport,35.177101135253906,-3.83951997756958,9.15,2
TJM,Roshchino International Airport,57.1896018982,65.3243026733,9.15,1
OVS,Sovetskiy Airport,61.326622009277344,63.60191345214844,9.15,1
YJT,Stephenville Airport,48.5442008972168,-58.54999923706055,9.17,1
NJF,Al Najaf International Airport,31.989853,44.404317,9.21,1
YAY,St. Anthony Airport,51.3918991089,-56.083099365200006,9.22,1
HVG,Valan Airport,71.009696960449,25.983600616455,9.22,2
NIM,Diori Hamani International Airport,13.4815,2.18361,9.24,1
KSN,Kostanay West Airport,53.20690155029297,63.55030059814453,9.24,1
BWI,Baltimore/Washington International Thurgood Marshall Airport,39.1754,-76.668297,9.25,0
MCT,Muscat International Airport,23.593299865722656,58.284400939941406,9.25,0
LWN,Gyumri Shirak Airport,40.7504005432,43.859298706100006,9.26,1
ASW,Aswan International Airport,23.9643993378,32.8199996948,9.26,1
KSH,Shahid Ashrafi Esfahani Airport,34.3459014893,47.1581001282,9.28,1
MEH,Mehamn Airport,71.02970123291,27.826700210571,9.3,2
VAW,"Vardø Airport, Svartnes",70.355400085449,31.044900894165,9.3,2
KRO,Kurgan Airport,55.47529983520508,65.41560363769531,9.3,1
IAD,Washington Dulles International Airport,38.94449997,-77.45580292,9.33,0
BVG,Berlevåg Airport,70.871399,29.034201,9.35,2
ADD,Addis Ababa Bole International Airport,8.97789001465,38.7993011475,9.36,0
GBB,Gabala International Airport,40.826667,47.7125,9.36,1
DKR,Léopold Sédar Senghor International Airport,14.739700317382812,-17.49020004272461,9.39,1
SFJ,Kangerlussuaq Airport,67.0122218992,-50.7116031647,9.4,1
GRW,Graciosa Airport,39.09220123291016,-28.029800415039062,9.42,2
EYK,Beloyarskiy Airport,63.686901,66.698601,9.42,1
OUA,Ouagadougou Airport,12.3532,-1.51242,9.44,1
BJF,Båtsfjord Airport,70.60050201416,29.691400527954,9.44,2
BKO,Modibo Keita International Airport,12.5335,-7.94994,9.45,1
KSJ,Kasos Airport,35.4213981628,26.9099998474,9.5,2
VXE,São Pedro Airport,16.833200454711914,-25.055299758911133,9.51,1
DTW,Detroit Metropolitan Wayne County Airport,42.212398529052734,-83.35340118408203,9.51,0
ISB,New Islamabad International Airport,33.560713,72.851613,9.52,0
VKT,Vorkuta Airport,67.48860168457031,63.99309921264648,9.53,1
HMA,Khanty Mansiysk Airport,61.02849960327149,69.08609771728516,9.53,1
YNB,Prince Abdulmohsin Bin Abdulaziz Airport,24.144199,38.0634,9.55,1
SNE,Preguiça Airport,16.58839988708496,-24.28470039367676,9.55,1
BJL,Banjul International Airport,13.338000297546388,-16.65220069885254,9.56,1
SLY,Salekhard Airport,66.5907974243164,66.61100006103516,9.59,1
KTT,Kittilä Airport,67.700996398926,24.846799850464,9.63,2
BSR,Basrah International Airport,30.549100875854492,47.66210174560547,9.63,1
RAI,Praia International Airport,14.924500465393066,-23.493499755859375,9.64,1
YYR,Goose Bay Airport,53.3191986084,-60.4258003235,9.65,1
MED,Prince Mohammad Bin Abdulaziz Airport,24.5534,39.705101,9.67,1
LLK,Lankaran International Airport,38.746398925799994,48.8180007935,9.67,1
NDJ,N'Djamena International Airport,12.1337,15.034,9.68,1
GMZ,La Gomera Airport,28.029600143432617,-17.214599609375,9.68,2
OXB,Osvaldo Vieira International Airport,11.894800186157228,-15.65369987487793,9.71,1
KOV,Kokshetau Airport,53.329102,69.594597,9.71,1
RDU,Raleigh Durham International Airport,35.877601623535156,-78.7874984741211,9.73,0
ELQ,Gassim Airport,26.302799224853516,43.77439880371094,9.74,1
CVU,Corvo Airport,39.671501,-31.1136,9.75,2
SGC,Surgut Airport,61.34370040893555,73.40180206298828,9.77,1
VUS,Velikiy Ustyug Airport,60.788299560546875,46.2599983215332,9.78,2
NCU,Nukus Airport,42.488399505615234,59.62329864501953,9.8,1
KCO,Cengiz Topel Airport,40.73500061035156,30.08329963684082,9.82,2
NYM,Nadym Airport,65.48090362548828,72.69889831542969,9.83,1
OMS,Omsk Central Airport,54.96699905395508,73.31050109863281,9.84,1
LHE,Alama Iqbal International Airport,31.5216007232666,74.40360260009766,9.85,0
IFN,Esfahan Shahid Beheshti International Airport,32.75080108642578,51.86130142211914,9.86,1
CSH,Solovki Airport,65.0299987793,35.7333335876,9.87,2
KHI,Jinnah International Airport,24.9065,67.160797,9.88,0
ORD,Chicago O'Hare International Airport,41.9786,-87.9048,9.88,0
RMI,Federico Fellini International Airport,44.020302,12.6117,9.89,1
YYG,Charlottetown Airport,46.290000915527344,-63.12110137939453,9.9,1
YQM,Greater Moncton International Airport,46.11220169067383,-64.67859649658203,9.9,1
YSJ,Saint John Airport,45.31610107421875,-65.89029693603516,9.94,1
CKY,Conakry International Airport,9.57689,-13.612,9.94,1
NOJ,Noyabrsk Airport,63.18330001831055,75.2699966430664,9.96,1
UGC,Urgench Airport,41.58430099487305,60.641700744628906,9.96,1
TMR,Aguenar – Hadj Bey Akhamok Airport,22.8115005493,5.45107984543,9.96,2
CLT,Charlotte Douglas International Airport,35.2140007019043,-80.94309997558594,9.97,0
NJC,Nizhnevartovsk Airport,60.94929885864258,76.48359680175781,9.98,1
MSP,Minneapolis-St Paul International/Wold-Chamberlain Airport,44.882,-93.221802,10.01,0
NUX,Novy Urengoy Airport,66.06939697265625,76.52030181884766,10.02,1
YFC,Fredericton Airport,45.868900299072266,-66.53720092773438,10.02,1
TIF,Ta’if Regional Airport,21.483001,40.543442,10.04,1
PZU,Port Sudan New International Airport,19.4335994720459,37.234100341796875,10.04,1
TEQ,Tekirdağ Çorlu Airport,41.13819885253906,27.919099807739254,10.05,2
EBB,Entebbe International Airport,0.042386,32.443501,10.07,0
YQY,Sydney / J.A. Douglas McCurdy Airport,46.1614,-60.047798,10.08,1
NSK,Norilsk-Alykel Airport,69.31109619140625,87.33219909667969,10.1,1
AWZ,Ahwaz Airport,31.337400436399996,48.7620010376,10.12,1
ANU,V.C. Bird International Airport,17.1367,-61.792702,10.16,0
SYZ,Shiraz Shahid Dastghaib International Airport,29.53919982910156,52.58980178833008,10.18,1
CKZ,Çanakkale Airport,40.1376991272,26.4267997742,10.19,2
DMM,King Fahd International Airport,26.471200942993164,49.79790115356445,10.2,1
KGF,Sary-Arka Airport,49.670799255371094,73.33439636230469,10.2,1
YCL,Charlo Airport,47.990799,-66.330299,10.2,1
BMW,Bordj Badji Mokhtar Airport,21.375,0.923888981342,10.22,2
ABT,Al Baha Airport,20.2961006165,41.6343002319,10.23,1
JSU,Maniitsoq Airport,65.4124984741,-52.9393997192,10.24,2
COO,Cadjehoun Airport,6.357230186462402,2.384350061416626,10.28,1
ENU,Akanu Ibiam International Airport,6.474269866943359,7.561960220336914,10.29,1
LFW,Lomé-Tokoin Airport,6.165609836578369,1.2545100450515747,10.31,1
ILR,Ilorin International Airport,8.440210342407227,4.493919849395752,10.32,1
ABB,Asaba International Airport,6.204167,6.665278,10.33,1
ROB,Roberts International Airport,6.23379,-10.3623,10.33,1
PWQ,Pavlodar Airport,52.19499969482422,77.07389831542969,10.34,1
BHH,Bisha Airport,19.984399795532227,42.62089920043945,10.36,1
DEL,Indira Gandhi International Airport,28.5665,77.103104,10.37,0
BNI,Benin Airport,6.316979885101318,5.5995001792907715,10.37,1
NNM,Naryan Mar Airport,67.63999938964844,53.12189865112305,10.38,2
JFR,Paamiut Heliport,61.9921989441,-49.6624984741,10.38,2
KAN,Mallam Aminu International Airport,12.0476,8.52462,10.39,1
BGI,Sir Grantley Adams International Airport,13.0746002197,-59.4925003052,10.4,0
ATL,Hartsfield Jackson Atlanta International Airport,33.6367,-84.428101,10.4,0
KRT,Khartoum International Airport,15.589500427246094,32.553199768066406,10.4,1
BHK,Bukhara Airport,39.775001525878906,64.4832992553711,10.41,1
NVI,Navoi Airport,40.1171989440918,65.1707992553711,10.42,1
QOW,Sam Mbakwe International Airport,5.427060127258301,7.206029891967773,10.43,1
IBA,Ibadan Airport,7.362460136413574,3.97832989692688,10.44,1
MHD,Mashhad International Airport,36.235198974609375,59.64099884033203,10.44,1
QRW,Warri Airport,5.59611,5.81778,10.44,1
UVF,Hewanorra International Airport,13.7332,-60.952599,10.45,0
JHS,Sisimiut Airport,66.9513015747,-53.7293014526,10.45,2
GMO,Gombe Lawanti International Airport,10.2983333333,10.8963888889,10.46,1
ABJ,Port Bouet Airport,5.261390209197998,-3.9262900352478023,10.46,1
YEG,Edmonton International Airport,53.3097000122,-113.580001831,10.46,0
DWD,King Salman Abdulaziz Airport,24.4499,44.121201,10.47,1
OVB,Tolmachevo Airport,55.012599945068,82.650703430176,10.48,1
PHC,Port Harcourt International Airport,5.0154900550842285,6.94959020614624,10.49,1
HOF,Al Ahsa Airport,25.28529930114746,49.485198974609375,10.49,1
LFM,Lamerd Airport,27.3726997375,53.18880081179999,10.49,1
LAD,Quatro de Fevereiro Airport,-8.85837,13.2312,10.5,0
NBO,Jomo Kenyatta International Airport,-1.31923997402,36.9277992249,10.5,0
CIT,Shymkent Airport,42.364200592041016,69.47889709472656,10.51,1
CBQ,Margaret Ekpo International Airport,4.976019859313965,8.347200393676758,10.51,1
PPK,Petropavlosk South Airport,54.77470016479492,69.18389892578125,10.51,1
AHB,Abha Regional Airport,18.240400314299997,42.65660095210001,10.52,1
MLW,Spriggs Payne Airport,6.289060115814209,-10.758700370788574,10.52,1
DZN,Zhezkazgan Airport,47.708302,67.733299,10.53,1
SKO,Sadiq Abubakar III International Airport,12.916299819946287,5.207190036773682,10.54,1
USK,Usinsk Airport,66.00469970703125,57.3671989440918,10.55,2
UTS,Ust-Tsylma Airport,65.43729400630001,52.20033645629999,10.57,2
EJH,Al Wajh Domestic Airport,26.19860076904297,36.47639846801758,10.57,1
PUJ,Punta Cana International Airport,18.567399978599997,-68.36340332030001,10.57,0
TKD,Takoradi Airport,4.896059989929199,-1.7747600078582764,10.58,1
KMS,Kumasi Airport,6.714560031890869,-1.5908199548721311,10.59,1
SKD,Samarkand Airport,39.70050048828125,66.98380279541016,10.59,1
PVC,Provincetown Municipal Airport,42.0718994141,-70.2213973999,10.6,1
KSQ,Karshi Khanabad Airport,38.8335990906,65.9215011597,10.61,1
AQI,Al Qaisumah/Hafr Al Batin Airport,28.335199,46.125099,10.61,1
LRR,Lar Airport,27.6746997833,54.3833007812,10.62,1
UAK,Narsarsuaq Airport,61.1604995728,-45.4259986877,10.63,2
HYA,Barnstable Municipal Boardman Polando Field,41.66930008,-70.28040314,10.63,1
YOL,Yola Airport,9.257550239562988,12.430399894714355,10.64,1
ASM,Asmara International Airport,15.291899681091309,38.910701751708984,10.65,1
MVY,Martha's Vineyard Airport,41.3931007385,-70.6143035889,10.65,1
WAE,Wadi Al Dawasir Airport,20.504299163800003,45.199600219699995,10.65,1
GIZ,Jizan Regional Airport,16.901100158691406,42.58580017089844,10.66,1
DLA,Douala International Airport,4.0060801506,9.71947956085,10.66,1
NAS,Lynden Pindling International Airport,25.0389995575,-77.46620178219999,10.67,0
SSG,Malabo Airport,3.755270004272461,8.708720207214355,10.69,1
MCO,Orlando International Airport,28.429399490356445,-81.30899810791016,10.69,0
ACK,Nantucket Memorial Airport,41.25310135,-70.06020355,10.69,1
HAS,Ha'il Airport,27.437901,41.686298,10.72,1
YYC,Calgary International Airport,51.113899231,-114.019996643,10.72,0
TOF,Bogashevo Airport,56.380298614502,85.208297729492,10.72,1
NYI,Sunyani Airport,7.361830234527588,-2.3287599086761475,10.72,1
LEB,Lebanon Municipal Airport,43.626098632799994,-72.30419921880001,10.73,1
NSI,Yaoundé Nsimalen International Airport,3.722559928894043,11.553299903869627,10.73,1
LBD,Khudzhand Airport,40.21540069580078,69.6947021484375,10.73,1
PLX,Semipalatinsk Airport,50.351295,80.234398,10.73,1
EAM,Nejran Airport,17.611400604248047,44.4192008972168,10.74,1
BAX,Barnaul Airport,53.363800048828125,83.53849792480469,10.75,1
JAV,Ilulissat Airport,69.2432022095,-51.0570983887,10.75,2
DYU,Dushanbe Airport,38.5433006287,68.8249969482,10.77,1
RUT,Rutland - Southern Vermont Regional Airport,43.52939987,-72.94960022,10.77,1
YQB,Quebec Jean Lesage International Airport,46.7911,-71.393303,10.77,1
NMA,Namangan Airport,40.9846000671,71.5567016602,10.78,1
ALB,Albany International Airport,42.74829864501953,-73.80169677734375,10.8,1
DWC,Al Maktoum International Airport,24.896356,55.161389,10.8,1
AUG,Augusta State Airport,44.320598602299995,-69.7973022461,10.81,1
RKD,Knox County Regional Airport,44.06010056,-69.09919739,10.81,1
FRU,Manas International Airport,43.0612983704,74.4776000977,10.82,1
ISP,Long Island Mac Arthur Airport,40.79520035,-73.10019684,10.82,1
POS,Piarco International Airport,10.595399856567385,-61.33720016479492,10.82,0
FEG,Fergana International Airport,40.358798980699994,71.7450027466,10.82,1
SHJ,Sharjah International Airport,25.32859992980957,55.5172004699707,10.82,1
BGF,Bangui M'Poko International Airport,4.39847993850708,18.518800735473633,10.83,1
MIA,Miami International Airport,25.79319953918457,-80.29060363769531,10.83,0
TPA,Tampa International Airport,27.975500106811523,-82.533203125,10.84,0
KEJ,Kemerovo Airport,55.27009963989258,86.1072006225586,10.84,1
AZN,Andizhan Airport,40.7276992798,72.2939987183,10.86,1
TMJ,Termez Airport,37.28670120239258,67.30999755859375,10.87,1
LGA,La Guardia Airport,40.77719879,-73.87259674,10.88,1
VIN,Vinnytsia/Gavyryshivka Airport,49.242531,28.613778,10.89,1
TML,Tamale Airport,9.55718994140625,-0.8632140159606934,10.89,1
RAH,Rafha Domestic Airport,29.626399993896484,43.4906005859375,10.9,1
UKK,Ust-Kamennogorsk Airport,50.036598205566406,82.49420166015625,10.9,1
BHB,Hancock County-Bar Harbor Airport,44.45000076,-68.3615036,10.9,1
PBG,Plattsburgh International Airport,44.650901794433594,-73.46810150146484,10.91,1
KQT,Qurghonteppa International Airport,37.86640167236328,68.86470031738281,10.92,1
QUO,Akwa Ibom International Airport,4.8725,8.093,10.92,1
OSS,Osh Airport,40.6090011597,72.793296814,10.92,1
SLK,Adirondack Regional Airport,44.38529968261719,-74.2061996459961,10.94,1
HOD,Hodeidah International Airport,14.753000259399414,42.97629928588867,10.94,1
SAH,Sana'a International Airport,15.476300239562988,44.21969985961914,10.94,1
YBG,CFB Bagotville,48.33060073852539,-70.99639892578125,10.95,1
AZI,Bateen Airport,24.428300857543945,54.458099365234375,10.96,1
BOM,Chhatrapati Shivaji International Airport,19.0886993408,72.8678970337,10.96,0
TJU,Kulob Airport,37.98809814453125,69.80500030517578,10.97,1
NOZ,Spichenkovo Airport,53.811401,86.877197,10.98,1
BDL,Bradley International Airport,41.9388999939,-72.68319702149999,10.98,1
AJF,Al-Jawf Domestic Airport,29.78510093688965,40.099998474121094,10.99,1
KZO,Kzyl-Orda Southwest Airport,44.706902,65.592499,10.99,1
BDH,Bandar Lengeh Airport,26.531999588,54.824798584,10.99,1
YVO,Val-d'Or Airport,48.0532989502,-77.7827987671,11.0,1
KAD,Kaduna Airport,10.696000099182127,7.320109844207764,11.01,1
RGK,Gorno-Altaysk Airport,51.9667015076,85.8332977295,11.03,1
SYR,Syracuse Hancock International Airport,43.11119842529297,-76.1063003540039,11.04,1
KJA,Yemelyanovo Airport,56.172901,92.493301,11.04,1
SHW,Sharurah Airport,17.466899871826172,47.12139892578125,11.05,1
KIH,Kish International Airport,26.5261993408,53.9802017212,11.05,1
ACY,Atlantic City International Airport,39.45759963989258,-74.57720184326172,11.06,1
YMT,Chapais Airport,49.77190017700195,-74.5280990600586,11.08,1
YTZ,Billy Bishop Toronto City Centre Airport,43.627499,-79.396202,11.08,1
JOS,Yakubu Gowon Airport,9.639829635620115,8.869050025939941,11.09,1
DMB,Taraz Airport,42.85359954833984,71.30359649658203,11.09,1
YUY,Rouyn Noranda Airport,48.20610046386719,-78.83560180664062,11.09,1
BND,Bandar Abbas International Airport,27.218299865722656,56.37779998779297,11.1,1
SDV,Sde Dov Airport,32.11470031738281,34.78219985961914,11.11,2
URA,Uralsk Airport,51.15079879760742,51.54309844970703,11.13,2
LBV,Libreville Leon M'ba International Airport,0.458600014448,9.4122800827,11.14,1
TAI,Ta'izz International Airport,13.6859998703,44.1390991211,11.14,1
RAE,Arar Domestic Airport,30.90660095214844,41.13819885253906,11.16,1
YYY,Mont Joli Airport,48.60860061645508,-68.20809936523438,11.16,1
XSB,Sir Bani Yas Airport,24.283611,52.580278,11.18,1
PQI,Northern Maine Regional Airport at Presque Isle,46.68899918,-68.0447998,11.18,1
MDT,Harrisburg International Airport,40.1935005188,-76.7633972168,11.18,1
ABE,Lehigh Valley International Airport,40.652099609375,-75.44080352783203,11.18,1
ROC,Greater Rochester International Airport,43.118900299072266,-77.67240142822266,11.2,1
MZR,Mazar I Sharif Airport,36.70690155029297,67.20970153808594,11.2,1
YBC,Baie Comeau Airport,49.13249969482422,-68.20439910888672,11.2,1
HFA,Haifa International Airport,32.80939865112305,35.04309844970703,11.21,2
KBL,Hamid Karzai International Airport,34.565899,69.212303,11.22,1
URY,Gurayat Domestic Airport,31.412413,37.278898,11.22,1
ULH,Majeed Bin Abdulaziz Airport,26.48,38.1288888889,11.23,1
PVD,Theodore Francis Green State Airport,41.732601,-71.420403,11.23,1
ITH,Ithaca Tompkins Regional Airport,42.49100112915039,-76.4583969116211,11.25,1
YXU,London Airport,43.035599,-81.1539,11.27,1
AVP,Wilkes Barre Scranton International Airport,41.338500976599995,-75.72339630130001,11.28,1
SBY,Salisbury Ocean City Wicomico Regional Airport,38.34049987792969,-75.51029968261719,11.28,1
ZBF,Bathurst Airport,47.629699707,-65.738899231,11.3,1
BUF,Buffalo Niagara International Airport,42.94049835,-78.73220062,11.3,1
HPN,Westchester County Airport,41.06700134277344,-73.70760345458984,11.3,1
ADE,Aden International Airport,12.829500198364258,45.02880096435547,11.31,1
DCA,Ronald Reagan Washington National Airport,38.8521,-77.037697,11.31,1
ABA,Abakan Airport,53.7400016784668,91.38500213623048,11.31,1
YBX,Lourdes de Blanc Sablon Airport,51.443599700899995,-57.1852989197,11.31,2
DEN,Denver International Airport,39.861698150635,-104.672996521,11.32,0
SWF,Stewart International Airport,41.50410079956055,-74.10479736328125,11.33,1
IPT,Williamsport Regional Airport,41.241798400878906,-76.92109680175781,11.33,1
MHT,Manchester-Boston Regional Airport,42.932598,-71.435699,11.33,1
HAV,José Martí International Airport,22.989200592041016,-82.40910339355469,11.33,0
JIB,Djibouti-Ambouli Airport,11.547300338745115,43.15950012207031,11.33,1
YHM,John C. Munro Hamilton International Airport,43.173599243199995,-79.93499755859999,11.34,1
GXF,Sayun International Airport,15.9660997391,48.78829956049999,11.34,1
KIN,Norman Manley International Airport,17.935699462890625,-76.7874984741211,11.37,0
SCE,University Park Airport,40.8493003845,-77.84870147710001,11.38,1
YZR,Chris Hadfield Airport,42.9994010925293,-82.30889892578125,11.38,1
HVN,Tweed New Haven Airport,41.26369858,-72.88680267,11.38,1
BGM,Greater Binghamton/Edwin A Link field,42.20869827,-75.97979736,11.4,1
YGK,Kingston Norman Rogers Airport,44.22529983520508,-76.5969009399414,11.4,1
MBJ,Sangster International Airport,18.503700256347656,-77.91339874267578,11.4,0
URJ,Uray Airport,60.10329818725586,64.82669830322266,11.41,2
BTV,Burlington International Airport,44.4719009399,-73.15329742429999,11.42,1
YVR,Vancouver International Airport,49.193901062,-123.183998108,11.42,0
ZBR,Konarak Airport,25.443300247199996,60.3820991516,11.43,1
ELM,Elmira Corning Regional Airport,42.1599006652832,-76.8916015625,11.43,1
PWM,Portland International Jetport Airport,43.64619827,-70.30930328,11.43,1
YZV,Sept-Îles Airport,50.22330093383789,-66.2656021118164,11.43,1
HGR,Hagerstown Regional Richard A Henson Field,39.707901,-77.72949982,11.44,1
RIC,Richmond International Airport,37.50519943237305,-77.3197021484375,11.46,1
ORF,Norfolk International Airport,36.89459991455078,-76.20120239257812,11.46,1
YYB,North Bay Jack Garland Airport,46.363602,-79.422798,11.46,1
PHF,Newport News Williamsburg International Airport,37.13190079,-76.49299622,11.47,1
CLE,Cleveland Hopkins International Airport,41.4117012024,-81.8498001099,11.48,1
DFW,Dallas Fort Worth International Airport,32.896801,-97.038002,11.48,0
YQG,Windsor Airport,42.27560043334961,-82.95559692382812,11.48,1
TUI,Turaif Domestic Airport,31.692188,38.731544,11.48,1
CHO,Charlottesville Albemarle Airport,38.13859939575195,-78.4529037475586,11.49,1
PIT,Pittsburgh International Airport,40.49150085,-80.23290253,11.5,1
RIY,Mukalla International Airport,14.662599563598633,49.375,11.51,1
YSB,Sudbury Airport,46.625,-80.79889678955078,11.52,1
SHD,Shenandoah Valley Regional Airport,38.2638015747,-78.8964004517,11.52,1
ABS,Abu Simbel Airport,22.375999450699997,31.611700058,11.53,2
LNS,Lancaster Airport,40.121700286865234,-76.29609680175781,11.54,1
AOO,Altoona Blair County Airport,40.29639816,-78.31999969,11.54,1
BUZ,Bushehr Airport,28.9447994232,50.8345985413,11.56,1
SEA,Seattle Tacoma International Airport,47.449001,-122.308998,11.57,0
JST,John Murtha Johnstown Cambria County Airport,40.31610107421875,-78.83390045166016,11.57,1
TMS,São Tomé International Airport,0.3781749904155731,6.7121500968933105,11.59,1
CAK,Akron Canton Regional Airport,40.91609954833984,-81.44219970703125,11.61,1
MGW,Morgantown Municipal Walter L. Bill Hart Field,39.64289856,-79.91629791,11.61,1
THR,Mehrabad International Airport,35.68920135498047,51.31340026855469,11.62,2
HYD,Rajiv Gandhi International Airport,17.2313175201,78.4298553467,11.64,0
ART,Watertown International Airport,43.99190139770508,-76.02169799804688,11.65,1
IAH,George Bush Intercontinental Houston Airport,29.984399795532227,-95.34140014648438,11.65,0
NYA,Nyagan Airport,62.110001,65.614998,11.65,2
JEG,Aasiaat Airport,68.7218017578,-52.7846984863,11.66,2
LAN,Capital City Airport,42.77870178222656,-84.58740234375,11.66,1
YGL,La Grande Rivière Airport,53.625301361083984,-77.7042007446289,11.66,1
ERI,Erie International Tom Ridge Field,42.0831270134,-80.1738667488,11.67,1
YWK,Wabush Airport,52.92190170288086,-66.8644027709961,11.68,1
JIM,Jimma Airport,7.66609001159668,36.81660079956055,11.68,1
MMO,Maio Airport,15.15590000152588,-23.213699340820312,11.68,2
LWB,Greenbrier Valley Airport,37.8582992554,-80.3994979858,11.69,1
ROA,Roanoke–Blacksburg Regional Airport,37.3255,-79.975403,11.69,1
PEW,Peshawar International Airport,33.993900299072266,71.51460266113281,11.69,1
KHS,Khasab Air Base,26.17099952697754,56.2406005859375,11.69,1
SLL,Salalah Airport,17.038700103759766,54.09130096435547,11.7,1
ZAH,Zahedan International Airport,29.47570037841797,60.90620040893555,11.7,1
CMH,John Glenn Columbus International Airport,39.998001,-82.891899,11.7,1
YAM,Sault Ste Marie Airport,46.48500061035156,-84.5093994140625,11.71,1
MBS,MBS International Airport,43.532901763916016,-84.07959747314453,11.71,1
ZIG,Ziguinchor Airport,12.5556,-16.281799,11.73,2
AZO,Kalamazoo Battle Creek International Airport,42.234901428222656,-85.5521011352539,11.74,1
URC,Ürümqi Diwopu International Airport,43.907100677490234,87.47419738769531,11.75,1
SKT,Sialkot Airport,32.5355567932,74.3638916016,11.75,1
GRR,Gerald R. Ford International Airport,42.88079834,-85.52279663,11.75,1
BKW,Raleigh County Memorial Airport,37.787300109899995,-81.1241989136,11.76,1
SFL,São Filipe Airport,14.8850002289,-24.4799995422,11.77,2
FWA,Fort Wayne International Airport,40.97850037,-85.19509888,11.77,1
BJR,Bahir Dar Airport,11.608099937438965,37.32160186767578,11.77,1
DIR,Aba Tenna Dejazmach Yilma International Airport,9.624699592590332,41.85419845581055,11.78,1
CRW,Yeager Airport,38.37310028076172,-81.59320068359375,11.79,1
YTS,Timmins/Victor M. Power,48.5696983337,-81.376701355,11.79,1
AMH,Arba Minch Airport,6.0393900871276855,37.59049987792969,11.8,1
GSO,Piedmont Triad International Airport,36.097801208496094,-79.93730163574219,11.8,1
GWD,Gwadar International Airport,25.233299255371097,62.329498291015625,11.81,1
AUS,Austin Bergstrom International Airport,30.194499969482425,-97.6698989868164,11.81,0
SBN,South Bend Regional Airport,41.70869827270508,-86.31729888916016,11.82,1
RKV,Reykjavik Airport,64.1299972534,-21.9405994415,11.83,2
DAY,James M Cox Dayton International Airport,39.902400970458984,-84.21939849853516,11.84,1
YRG,Rigolet Airport,54.1796989440918,-58.45750045776367,11.85,2
BOY,Bobo Dioulasso Airport,11.160099983215332,-4.33096981048584,11.86,2
CJL,Chitral Airport,35.886600494384766,71.80059814453125,11.87,1
JUB,Juba International Airport,4.87201023102,31.6011009216,11.88,1
YSO,Postville Airport,54.9105,-59.78507,11.88,2
GDQ,Gonder Airport,12.51990032196045,37.43399810791016,11.88,1
YGW,Kuujjuarapik Airport,55.28189849853515,-77.76529693603516,11.88,1
GIL,Gilgit Airport,35.918800354003906,74.33360290527344,11.89,1
ILM,Wilmington International Airport,34.270599365234375,-77.90260314941406,11.9,1
BZV,Maya-Maya Airport,-4.251699924468994,15.253000259399414,11.9,1
FAY,Fayetteville Regional Grannis Field,34.9911994934082,-78.88030242919922,11.9,1
PNR,Pointe Noire Airport,-4.816030025482178,11.88659954071045,11.91,1
BTK,Bratsk Airport,56.370601654052734,101.697998046875,11.91,1
APN,Alpena County Regional Airport,45.0780983,-83.56030273,11.91,1
CUN,Cancún International Airport,21.036500930800003,-86.8770980835,11.91,0
KDU,Skardu Airport,35.33549880981445,75.53600311279297,11.92,1
CVG,Cincinnati Northern Kentucky International Airport,39.0488014221,-84.6678009033,11.92,1
JIJ,Wilwal International Airport,9.3325,42.9121,11.92,1
FIH,Ndjili International Airport,-4.38575,15.4446,11.92,1
TVC,Cherry Capital Airport,44.74140167236328,-85.58219909667969,11.93,1
MKE,General Mitchell International Airport,42.94720077514648,-87.89659881591797,11.93,1
TUK,Turbat International Airport,25.986400604248047,63.03020095825195,11.93,1
ATQ,Sri Guru Ram Dass Jee International Airport,31.7096004486,74.7973022461,11.94,1
GMB,Gambella Airport,8.12876033782959,34.5630989074707,11.95,1
ASO,Asosa Airport,10.018500328063965,34.586299896240234,11.95,1
ZUM,Churchill Falls Airport,53.5619010925293,-64.10639953613281,11.96,2
DAC,Hazrat Shahjalal International Airport,23.843347,90.397783,11.96,0
ZYL,Osmany International Airport,24.963199615478516,91.8667984008789,11.96,0
MDW,Chicago Midway International Airport,41.785999,-87.752403,11.97,1
IND,Indianapolis International Airport,39.7173,-86.294403,11.97,1
MQX,Mekele Airport,13.467399597167969,39.53350067138672,11.99,1
MYR,Myrtle Beach International Airport,33.6796989441,-78.9282989502,11.99,1
PLN,Pellston Regional Airport of Emmet County Airport,45.57089996,-84.79669952,12.0,1
BLR,Kempegowda International Airport,13.1979,77.706299,12.0,0
BGR,Bangor International Airport,44.80739974975586,-68.8281021118164,12.02,1
MUX,Multan International Airport,30.20319938659668,71.41909790039062,12.02,1
PYJ,Polyarny Airport,66.4003982544,112.029998779,12.03,1
AXU,Axum Airport,14.14680004119873,38.77280044555664,12.07,1
CIU,Chippewa County International Airport,46.25080108642578,-84.47239685058594,12.08,1
HGA,Egal International Airport,9.518170356750488,44.08879852294922,12.08,1
KGP,Kogalym International Airport,62.190399169921875,74.53379821777344,12.08,2
GRB,Austin Straubel International Airport,44.48509979248047,-88.12960052490234,12.09,1
GSP,Greenville Spartanburg International Airport,34.8956985474,-82.2189025879,12.1,1
MSN,Dane County Regional Truax Field,43.13990020751953,-89.3375015258789,12.1,1
ATW,Appleton International Airport,44.258098602299995,-88.5190963745,12.1,1
LEX,Blue Grass Airport,38.0364990234375,-84.60590362548828,12.1,1
YDP,Nain Airport,56.549198150634766,-61.680301666259766,12.11,2
BMI,Central Illinois Regional Airport at Bloomington-Normal,40.47710037,-88.91590118,12.12,1
CAE,Columbia Metropolitan Airport,33.93880081176758,-81.11949920654297,12.12,1
MKG,Muskegon County Airport,43.16949844,-86.23819733,12.12,1
BHV,Bahawalpur Airport,29.348100662231445,71.71800231933594,12.12,1
ESC,Delta County Airport,45.7226982117,-87.0936965942,12.12,1
SDF,Louisville International Standiford Field,38.1744,-85.736,12.12,1
PEK,Beijing Capital International Airport,40.080101013183594,116.58499908447266,12.13,0
PIA,General Wayne A. Downing Peoria International Airport,40.664199829100006,-89.6932983398,12.14,1
AVL,Asheville Regional Airport,35.43619918823242,-82.54180145263672,12.15,1
CHS,Charleston Air Force Base-International Airport,32.89860153,-80.04049683,12.15,1
FNT,Bishop International Airport,42.96540069580078,-83.74359893798828,12.15,1
CMI,University of Illinois Willard Airport,40.03919983,-88.27809906,12.15,1
RST,Rochester International Airport,43.90829849243164,-92.5,12.16,1
MLI,Quad City International Airport,41.44850158691406,-90.50749969482422,12.16,1
FLO,Florence Regional Airport,34.18539810180664,-79.7238998413086,12.16,1
TYS,McGhee Tyson Airport,35.81100082,-83.9940033,12.17,1
DBQ,Dubuque Regional Airport,42.40200043,-90.70950317,12.18,1
OMH,Urmia Airport,37.6680984497,45.0686988831,12.18,1
AZD,Shahid Sadooghi Airport,31.9048995972,54.2765007019,12.19,1
DEC,Decatur Airport,39.834598541259766,-88.8656997680664,12.2,1
TRI,Tri-Cities Regional TN/VA Airport,36.475201,-82.407401,12.2,1
MQT,Sawyer International Airport,46.3535995483,-87.395401001,12.21,1
YQT,Thunder Bay Airport,48.37189865112305,-89.32389831542969,12.23,1
SPI,Abraham Lincoln Capital Airport,39.84410095,-89.67790222,12.23,1
MAA,Chennai International Airport,12.990005493164062,80.16929626464844,12.23,0
BRD,Brainerd Lakes Regional Airport,46.39830017,-94.13809967,12.23,1
MJD,Moenjodaro Airport,27.3351993560791,68.14309692382812,12.23,1
CWA,Central Wisconsin Airport,44.7775993347,-89.6668014526,12.24,1
EVV,Evansville Regional Airport,38.0369987488,-87.5324020386,12.24,1
AGS,Augusta Regional At Bush Field,33.36989974975586,-81.9645004272461,12.25,1
LSE,La Crosse Municipal Airport,43.879002,-91.256699,12.25,1
BRL,Southeast Iowa Regional Airport,40.783199310302734,-91.12550354003906,12.26,1
NEV,Vance W. Amory International Airport,17.205699920654297,-62.589900970458984,12.26,1
TQL,Tarko-Sale Airport,64.9308013916,77.81809997559999,12.26,2
CID,The Eastern Iowa Airport,41.88470077514648,-91.71080017089844,12.28,1
YVP,Kuujjuaq Airport,58.096099853515625,-68.4269027709961,12.28,1
SKB,Robert L. Bradshaw International Airport,17.311199188232422,-62.71870040893555,12.28,1
PTP,Pointe-à-Pitre Le Raizet,16.265301,-61.531799,12.28,1
DLH,Duluth International Airport,46.8420982361,-92.1936035156,12.3,1
MRX,Mahshahr Airport,30.55620002746582,49.15190124511719,12.3,2
TOL,Toledo Express Airport,41.58679962,-83.80780029,12.31,1
SAV,Savannah Hilton Head International Airport,32.12760162,-81.20210266,12.31,1
KGL,Kigali International Airport,-1.96863,30.1395,12.31,1
LYH,Lynchburg Regional Preston Glenn Field,37.326698303222656,-79.20040130615234,12.32,1
SKZ,Sukkur Airport,27.722000122070312,68.79170227050781,12.32,1
CTU,Chengdu Shuangliu International Airport,30.578500747680664,103.9469985961914,12.32,0
SBH,Gustaf III Airport,17.904399871826172,-62.84360122680664,12.33,1
KDH,Kandahar Airport,31.505800247192383,65.8478012084961,12.34,1
MJZ,Mirny Airport,62.534698486328125,114.03900146484376,12.34,1
OAJ,Albert J Ellis Airport,34.8292007446,-77.61209869380001,12.35,1
PJG,Panjgur Airport,26.954500198364254,64.13249969482422,12.35,1
ALO,Waterloo Regional Airport,42.557098388671875,-92.40029907226562,12.35,1
IKT,Irkutsk Airport,52.268001556396,104.38899993896,12.35,1
UET,Quetta International Airport,30.251399993896484,66.93779754638672,12.35,1
HIB,Range Regional Airport,47.38660049,-92.83899689,12.36,1
RAS,Sardar-e-Jangal Airport,37.323333,49.617778,12.36,1
DEA,Dera Ghazi Khan Airport,29.961000442504883,70.48590087890625,12.36,1
NGE,N'Gaoundéré Airport,7.357009887695312,13.559200286865234,12.37,2
PGV,Pitt Greenville Airport,35.6352005,-77.38529968,12.37,1
SXM,Princess Juliana International Airport,18.0410003662,-63.1088981628,12.37,1
BNA,Nashville International Airport,36.1245002746582,-86.6781997680664,12.37,1
HHH,Hilton Head Airport,32.2243995667,-80.6975021362,12.38,1
AXA,Clayton J Lloyd International Airport,18.2048,-63.055099,12.38,1
RHI,Rhinelander Oneida County Airport,45.63119888305664,-89.46749877929688,12.39,1
DOM,Douglas-Charles Airport,15.547,-61.299999,12.39,1
STL,St Louis Lambert International Airport,38.748697,-90.370003,12.39,1
ATY,Watertown Regional Airport,44.91400146,-97.15470123,12.39,1
ILG,New Castle Airport,39.67869949,-75.60649872,12.39,1
KSE,Kasese Airport,0.1829999983310699,30.100000381469727,12.4,1
FSD,Joe Foss Field Airport,43.5820007324,-96.741897583,12.4,1
BJI,Bemidji Regional Airport,47.50939941,-94.93370056,12.41,1
EWN,Coastal Carolina Regional Airport,35.0730018616,-77.04290008539999,12.41,1
EAU,Chippewa Valley Regional Airport,44.86579895019531,-91.48429870605467,12.42,1
LAS,McCarran International Airport,36.08010101,-115.1520004,12.43,0
HTS,Tri-State/Milton J. Ferguson Field,38.36669922,-82.55799866,12.44,1
TTN,Trenton Mercer Airport,40.27669906616211,-74.8134994506836,12.44,1
CHA,Lovell Field,35.035301208496094,-85.20379638671875,12.45,1
FAR,Hector International Airport,46.92070007324219,-96.81580352783205,12.45,1
BJM,Bujumbura International Airport,-3.3240199089050293,29.318500518798828,12.46,1
DSM,Des Moines International Airport,41.53400039672851,-93.66310119628906,12.47,1
PGU,Persian Gulf International Airport,27.379601,52.737701,12.48,2
RYK,Shaikh Zaid Airport,28.383899688720703,70.27960205078125,12.49,1
COU,Columbia Regional Airport,38.81809997558594,-92.21959686279295,12.51,1
INL,Falls International Airport,48.566200256347656,-93.4030990600586,12.52,1
PHX,Phoenix Sky Harbor International Airport,33.43429946899414,-112.01200103759766,12.52,0
IMT,Ford Airport,45.8184013367,-88.1145019531,12.52,1
ABR,Aberdeen Regional Airport,45.449100494384766,-98.42179870605467,12.52,1
HSV,Huntsville International Carl T Jones Field,34.637199401855,-86.775100708008,12.52,1
JAX,Jacksonville International Airport,30.49410057067871,-81.68789672851562,12.53,1
RUA,Arua Airport,3.049999952316284,30.91699981689453,12.54,1
KER,Kerman Airport,30.274400711099997,56.9510993958,12.55,2
MCN,Middle Georgia Regional Airport,32.69279861450195,-83.64920043945312,12.56,1
CSG,Columbus Metropolitan Airport,32.516300201416016,-84.93890380859375,12.57,1
PAH,Barkley Regional Airport,37.06079864501953,-88.7738037109375,12.57,1
OMA,Eppley Airfield,41.3032,-95.894096,12.57,1
GFK,Grand Forks International Airport,47.949299,-97.176102,12.57,1
MLE,Malé International Airport,4.191830158233643,73.52909851074219,12.58,0
SLU,George F. L. Charles Airport,14.0202,-60.992901,12.6,1
UUD,Ulan-Ude Airport (Mukhino),51.80780029296875,107.43800354003906,12.6,1
CMX,Houghton County Memorial Airport,47.168399810791016,-88.48909759521484,12.6,1
BHM,Birmingham-Shuttlesworth International Airport,33.56290054,-86.75350189,12.61,1
SVD,Argyle International Airport,13.156695,-61.149945,12.62,1
DED,Dehradun Airport,30.189699,78.180298,12.62,1
LUK,Cincinnati Municipal Airport Lunken Field,39.10329819,-84.41860199,12.62,1
YKS,Yakutsk Airport,62.093299865722656,129.77099609375,12.64,1
GBT,Gorgan Airport,36.9094009399,54.4012985229,12.64,1
JAI,Jaipur International Airport,26.8242,75.812202,12.65,1
IXC,Chandigarh Airport,30.673500061035156,76.78849792480469,12.66,1
LNK,Lincoln Airport,40.85100173950195,-96.75920104980467,12.67,1
STC,St Cloud Regional Airport,45.546600341796875,-94.05989837646484,12.67,1
YKF,Waterloo Airport,43.460800170899994,-80.3786010742,12.67,1
JNS,Narsaq Heliport,60.9172827256,-46.059923172,12.68,3
MCI,Kansas City International Airport,39.2976,-94.713898,12.69,1
FDF,Martinique Aimé Césaire International Airport,14.590999603271484,-61.00320053100586,12.69,1
ABY,Southwest Georgia Regional Airport,31.535499572753903,-84.19450378417969,12.69,1
MGM,Montgomery Regional (Dannelly Field) Airport,32.30059814,-86.39399719,12.7,1
JJU,Qaqortoq Heliport,60.7156841553,-46.0299186409,12.7,3
EWB,New Bedford Regional Airport,41.67610168457031,-70.95690155029297,12.7,2
SFO,San Francisco International Airport,37.61899948120117,-122.375,12.71,0
LUH,Ludhiana Airport,30.854700088500977,75.95259857177734,12.71,1
ABD,Abadan Airport,30.371099472,48.2282981873,12.71,2
GND,Point Salines International Airport,12.004199981689451,-61.78620147705078,12.71,1
MEM,Memphis International Airport,35.04240036010742,-89.97669982910156,12.73,1
SXI,Sirri Island Airport,25.908899307250977,54.539398193359375,12.73,2
TLH,Tallahassee Regional Airport,30.396499633789062,-84.35030364990234,12.74,1
YWG,Winnipeg / James Armstrong Richardson International Airport,49.909999847399995,-97.2398986816,12.74,1
SJU,Luis Munoz Marin International Airport,18.4393997192,-66.0018005371,12.74,1
DHN,Dothan Regional Airport,31.321300506591797,-85.44960021972656,12.74,1
SDQ,Las Américas International Airport,18.42970085144,-69.668899536133,12.74,1
GNV,Gainesville Regional Airport,29.6900997162,-82.2717971802,12.74,1
HEA,Herat Airport,34.209999084472656,62.22829818725586,12.74,1
SUX,Sioux Gateway Col. Bud Day Field,42.40259933,-96.38439941,12.75,1
SGF,Springfield Branson National Airport,37.24570084,-93.38860321,12.76,1
BIS,Bismarck Municipal Airport,46.772701263427734,-100.74600219726562,12.78,1
ELH,North Eleuthera Airport,25.474899292,-76.6835021973,12.78,1
JRO,Kilimanjaro International Airport,-3.42940998077,37.0745010376,12.79,1
MSL,Northwest Alabama Regional Airport,34.74530029,-87.61019897,12.8,1
DAB,Daytona Beach International Airport,29.179899,-81.058098,12.8,1
FOE,Topeka Regional Airport - Forbes Field,38.950901031499995,-95.6635971069,12.8,1
GHB,Governor's Harbour Airport,25.2847003937,-76.3310012817,12.82,1
VLD,Valdosta Regional Airport,30.782499313354492,-83.27670288085938,12.82,1
KUU,Kullu Manali Airport,31.876699447631836,77.15440368652344,12.82,1
CMB,Bandaranaike International Colombo Airport,7.180759906768799,79.88410186767578,12.83,0
RSD,Rock Sound Airport,24.8950787333,-76.1768817902,12.83,1
EDL,Eldoret International Airport,0.4044579863548279,35.23889923095703,12.84,1
ECP,Northwest Florida Beaches International Airport,30.357106,-85.795414,12.85,1
KIS,Kisumu Airport,-0.0861390009522438,34.72890090942383,12.85,1
YQF,Red Deer Regional Airport,52.18220138549805,-113.8939971923828,12.87,1
KNU,Kanpur Airport,26.404301,80.410103,12.87,1
DHM,Kangra Airport,32.16510009765625,76.26339721679688,12.87,1
ULN,Chinggis Khaan International Airport,47.843102,106.766998,12.88,1
BQK,Brunswick Golden Isles Airport,31.258800506591797,-81.46649932861328,12.88,1
SSY,Mbanza Congo Airport,-6.269899845123291,14.246999740600586,12.88,1
MHH,Leonard M Thompson International Airport,26.5114,-77.083503,12.88,1
GTR,Golden Triangle Regional Airport,33.450298309299995,-88.5914001465,12.88,1
MHK,Manhattan Regional Airport,39.14099884033203,-96.6707992553711,12.88,1
VPS,Destin-Ft Walton Beach Airport,30.4832,-86.525398,12.89,1
LAX,Los Angeles International Airport,33.94250107,-118.4079971,12.89,0
SZA,Soyo Airport,-6.141089916229248,12.371800422668455,12.89,1
FOR,Pinto Martins International Airport,-3.776279926300049,-38.53260040283203,12.89,1
LKO,Chaudhary Charan Singh International Airport,26.7605991364,80.8892974854,12.89,1
ATC,Arthur's Town Airport,24.6294,-75.673797,12.9,1
MOT,Minot International Airport,48.2593994140625,-101.27999877929688,12.9,1
XBJ,Birjand Airport,32.898101806640625,59.2661018371582,12.9,2
TUP,Tupelo Regional Airport,34.26810073852539,-88.7698974609375,12.91,1
PBI,Palm Beach International Airport,26.68320083618164,-80.09559631347656,12.91,1
LIT,Bill & Hillary Clinton National Airport/Adams Field,34.729400634799994,-92.2242965698,12.92,1
MEG,Malanje Airport,-9.525090217590332,16.312400817871094,12.93,1
TAB,Tobago-Crown Point Airport,11.149700164794922,-60.83219909667969,12.93,1
XNA,Northwest Arkansas Regional Airport,36.281898,-94.306801,12.93,1
NAT,Governador Aluízio Alves International Airport,-5.768056,-35.376111,12.93,1
FPO,Grand Bahama International Airport,26.5587005615,-78.695602417,12.93,1
MEI,Key Field,32.33259963989258,-88.75189971923828,12.93,1
PNS,Pensacola Regional Airport,30.473400115967,-87.186599731445,12.94,1
TBI,New Bight Airport,24.3153,-75.452301,12.94,1
SAN,San Diego International Airport,32.7336006165,-117.190002441,12.94,0
MLB,Melbourne International Airport,28.102800369262695,-80.64530181884766,12.95,1
YQL,Lethbridge County Airport,49.6302986145,-112.800003052,12.95,1
GGT,Exuma International Airport,23.5625991821,-75.8779983521,12.96,1
RSW,Southwest Florida International Airport,26.53619956970215,-81.75520324707031,12.96,1
JDH,Jodhpur Airport,26.251100540161133,73.04889678955078,12.96,1
YMM,Fort McMurray Airport,56.653301239,-111.222000122,12.96,1
YQU,Grande Prairie Airport,55.1796989441,-118.885002136,12.96,1
DIK,Dickinson Theodore Roosevelt Regional Airport,46.7974014282,-102.802001953,12.97,1
CAB,Cabinda Airport,-5.59699010848999,12.188400268554688,12.97,1
SRQ,Sarasota Bradenton International Airport,27.39539909362793,-82.55439758300781,12.97,1
JQA,Qaarsut Airport,70.7341995239,-52.6962013245,12.97,3
YXC,Cranbrook/Canadian Rockies International Airport,49.610801696777,-115.78199768066,12.98,1
AMD,Sardar Vallabhbhai Patel International Airport,23.0771999359,72.63469696039999,12.98,1
BSG,Bata Airport,1.9054700136184692,9.80568027496338,12.98,2
RAP,Rapid City Regional Airport,44.0452995300293,-103.05699920654295,12.98,1
FLL,Fort Lauderdale Hollywood International Airport,26.072599,-80.152702,12.99,1
HTA,Chita-Kadala Airport,52.026299,113.306,12.99,1
IXJ,Jammu Airport,32.6890983582,74.8374023438,13.0,1
CBT,Catumbela Airport,-12.4792,13.4869,13.0,1
MOB,Mobile Regional Airport,30.691200256348,-88.242797851562,13.01,1
SRY,Dasht-e Naz Airport,36.635799408,53.193599700899995,13.01,2
SML,Stella Maris Airport,23.582317,-75.268621,13.01,1
ICN,Incheon International Airport,37.46910095214844,126.45099639892578,13.01,0
MYD,Malindi Airport,-3.2293100357055664,40.10169982910156,13.01,1
LYP,Faisalabad International Airport,31.364999771118164,72.99479675292969,13.02,1
APF,Naples Municipal Airport,26.1525993347,-81.7752990723,13.03,1
MBA,Mombasa Moi International Airport,-4.034830093383789,39.594200134277344,13.03,1
YHU,Montréal / Saint-Hubert Airport,45.5175018311,-73.4169006348,13.03,2
UDR,Maharana Pratap Airport,24.617700576799997,73.89610290530001,13.04,1
YXH,Medicine Hat Airport,50.01890182495117,-110.72100067138672,13.04,1
PIB,Hattiesburg Laurel Regional Airport,31.467100143432617,-89.33709716796875,13.05,1
RCY,Rum Cay Airport,23.68440055847168,-74.83619689941406,13.05,1
TUL,Tulsa International Airport,36.19839859008789,-95.88809967041016,13.05,1
ICT,Wichita Eisenhower National Airport,37.649899,-97.433098,13.06,1
YXE,Saskatoon John G. Diefenbaker International Airport,52.170799255371094,-106.6999969482422,13.06,1
ZSA,San Salvador Airport,24.06329917907715,-74.52400207519531,13.06,1
LGI,Deadman's Cay Airport,23.1790008545,-75.09359741210001,13.06,1
MEX,Licenciado Benito Juarez International Airport,19.4363,-99.072098,13.07,0
MWZ,Mwanza Airport,-2.4444899559020996,32.932701110839844,13.08,1
PNQ,Pune Airport,18.58209991455078,73.9197006225586,13.08,1
IXD,Allahabad Airport,25.440099716186523,81.73390197753906,13.08,1
JAN,Jackson-Medgar Wiley Evers International Airport,32.3111991882,-90.0758972168,13.08,1
EYW,Key West International Airport,24.55610084533691,-81.75959777832031,13.09,1
BHO,Raja Bhoj International Airport,23.2875003815,77.3374023438,13.1,1
ISN,Sloulin Field International Airport,48.177898407,-103.641998291,13.1,1
GPT,Gulfport Biloxi International Airport,30.40730094909668,-89.07009887695312,13.11,1
WJR,Wajir Airport,1.73324,40.091599,13.11,1
TEB,Teterboro Airport,40.85010147089999,-74.060798645,13.11,2
OGS,Ogdensburg International Airport,44.6819000244,-75.46549987790002,13.12,2
MSS,Massena International Richards Field,44.93579864501953,-74.84559631347656,13.12,2
YCG,Castlegar/West Kootenay Regional Airport,49.2963981628,-117.632003784,13.12,1
CCC,Jardines Del Rey Airport,22.4610004425,-78.32839965820001,13.14,1
IXL,Leh Kushok Bakula Rimpochee Airport,34.1358985901,77.5465011597,13.14,1
NOV,Nova Lisboa Airport,-12.808899879455566,15.760499954223633,13.14,1
YLW,Kelowna International Airport,49.9561004639,-119.377998352,13.14,1
LOK,Lodwar Airport,3.1219699382781982,35.608699798583984,13.14,1
YXJ,Fort St John Airport,56.23809814453125,-120.73999786376952,13.16,1
SXR,Sheikh ul Alam Airport,33.987098693847656,74.77420043945312,13.16,1
YLL,Lloydminster Airport,53.309200286865234,-110.072998046875,13.17,1
GOP,Gorakhpur Airport,26.739700317399997,83.4496994019,13.18,1
PMV,Del Caribe Santiago Mariño International Airport,10.912603378295898,-63.96659851074219,13.18,1
ACZ,Zabol Airport,31.09830093383789,61.54389953613281,13.18,2
IDR,Devi Ahilyabai Holkar Airport,22.7217998505,75.8011016846,13.19,1
CRI,Colonel Hill Airport,22.7455997467,-74.1824035645,13.19,1
VNS,Lal Bahadur Shastri Airport,25.4524002075,82.8592987061,13.19,1
JLR,Jabalpur Airport,23.177799224853516,80.052001953125,13.2,1
REC,Guararapes - Gilberto Freyre International Airport,-8.126489639282227,-34.92359924316406,13.2,1
SVP,Kuito Airport,-12.404600143433,16.947399139404,13.2,1
FJR,Fujairah International Airport,25.112199783325195,56.32400131225586,13.22,2
AXP,Spring Point Airport,22.441799163800003,-73.97090148930002,13.24,1
CAY,Cayenne-Rochambeau Airport,4.819809913639999,-52.360401153599994,13.24,1
MSY,Louis Armstrong New Orleans International Airport,29.99340057373047,-90.25800323486328,13.24,1
STV,Surat Airport,21.1140995026,72.7417984009,13.24,1
YOJ,High Level Airport,58.62139892578125,-117.16500091552734,13.25,1
ZNZ,Abeid Amani Karume International Airport,-6.22202,39.224899,13.25,1
YFB,Iqaluit Airport,63.756402,-68.555801,13.25,1
POP,Gregorio Luperon International Airport,19.75790023803711,-70.56999969482422,13.26,1
OKC,Will Rogers World Airport,35.39310073852539,-97.60070037841795,13.27,1
BBO,Berbera Airport,10.389200210571287,44.94110107421875,13.27,1
JNB,OR Tambo International Airport,-26.1392,28.246,13.28,0
YKA,Kamloops Airport,50.7022018433,-120.444000244,13.28,1
OGL,Eugene F. Correira International Airport,6.80628,-58.1059,13.29,1
JUV,Upernavik Airport,72.7901992798,-56.1305999756,13.29,3
MLU,Monroe Regional Airport,32.51089859008789,-92.0376968383789,13.3,1
BTR,Baton Rouge Metropolitan Airport,30.533199,-91.149597,13.3,1
DIU,Diu Airport,20.71310043334961,70.92109680175781,13.3,1
YOP,Rainbow Lake Airport,58.49140167236328,-119.40799713134766,13.31,1
IXU,Aurangabad Airport,19.862699508666992,75.39810180664062,13.31,1
AXK,Ataq Airport,14.551300048828123,46.82619857788086,13.31,2
YQR,Regina International Airport,50.43190002441406,-104.66600036621094,13.32,1
SFB,Orlando Sanford International Airport,28.777599334716797,-81.23750305175781,13.33,1
DAR,Julius Nyerere International Airport,-6.87811,39.202599,13.33,1
SDD,Lubango Airport,-14.924699783325195,13.574999809265137,13.33,1
BHU,Bhavnagar Airport,21.752199173,72.1852035522,13.34,1
MYG,Mayaguana Airport,22.379499,-73.013494,13.34,1
NSH,Noshahr Airport,36.663299560546875,51.464698791503906,13.35,2
YVB,Bonaventure Airport,48.07109832763672,-65.46029663085938,13.35,2
BDQ,Vadodara Airport,22.336201,73.226303,13.35,1
PLS,Providenciales Airport,21.77359962463379,-72.26589965820312,13.36,1
NER,Chulman Airport,56.913898468018,124.91400146484,13.36,1
KTM,Tribhuvan International Airport,27.6966,85.3591,13.38,1
YNS,Nemiscau Airport,51.69110107421875,-76.1355972290039,13.38,2
MSZ,Namibe Airport,-15.261199951171877,12.14680004119873,13.39,1
YSM,Fort Smith Airport,60.020301818847656,-111.96199798583984,13.4,1
AEX,Alexandria International Airport,31.32740020751953,-92.54979705810548,13.4,1
LFT,Lafayette Regional Airport,30.20529938,-91.98760223,13.41,1
ELF,El Fasher Airport,13.61489963531494,25.32460021972656,13.41,2
IGA,Inagua Airport,20.975000381469727,-73.66690063476562,13.41,1
YXX,Abbotsford Airport,49.025299072265625,-122.36100006103516,13.43,1
NAG,Dr. Babasaheb Ambedkar International Airport,21.092199325561523,79.04720306396484,13.43,1
PAT,Lok Nayak Jayaprakash Airport,25.591299057,85.0879974365,13.43,1
RZR,Ramsar Airport,36.9099006652832,50.67959976196289,13.44,2
YIF,St Augustin Airport,51.2117004395,-58.6582984924,13.45,3
COS,City of Colorado Springs Municipal Airport,38.805801,-104.700996,13.46,1
YGP,Gaspé (Michel-Pouliot) Airport,48.7752990723,-64.4785995483,13.47,2
YCD,Nanaimo Airport,49.0549702249,-123.869862556,13.48,1
YKQ,Waskaganish Airport,51.47330093383789,-78.75830078125,13.48,2
VHC,Saurimo Airport,-9.689069747924805,20.431900024414062,13.48,1
RAJ,Rajkot Airport,22.3092002869,70.77950286869999,13.48,1
PVG,Shanghai Pudong International Airport,31.143400192260746,121.80500030517578,13.48,0
LUO,Luena Airport,-11.768099784851074,19.8976993560791,13.49,1
GOI,Dabolim Airport,15.3808002472,73.8313980103,13.49,1
CYS,Cheyenne Regional Jerry Olson Field,41.15570068,-104.8119965,13.5,1
YYJ,Victoria International Airport,48.646900177,-123.426002502,13.5,1
BIL,Billings Logan International Airport,45.80770111083984,-108.54299926757812,13.5,1
GIG,Rio Galeão – Tom Jobim International Airport,-22.8099994659,-43.2505569458,13.5,0
SPP,Menongue Airport,-14.657600402832031,17.71980094909668,13.5,1
SHV,Shreveport Regional Airport,32.446602,-93.8256,13.5,1
YHY,Hay River / Merlyn Carter Airport,60.8396987915,-115.782997131,13.52,1
GEO,Cheddi Jagan International Airport,6.498549938201904,-58.25410079956055,13.53,1
UYL,Nyala Airport,12.053500175476074,24.956199645996097,13.53,2
PUB,Pueblo Memorial Airport,38.289100646972656,-104.49700164794922,13.53,1
RPR,Raipur Airport,21.180401,81.7388,13.54,1
YXS,Prince George Airport,53.8894004822,-122.679000854,13.54,1
LAR,Laramie Regional Airport,41.31209945678711,-105.6750030517578,13.54,1
GOU,Garoua International Airport,9.33588981628418,13.370100021362305,13.54,2
CYO,Vilo Acuña International Airport,21.6165008545,-81.5459976196,13.55,1
YQQ,Comox Airport,49.71080017089844,-124.88700103759766,13.55,1
HBX,Hubli Airport,15.361700058,75.08489990230001,13.56,1
EGE,Eagle County Regional Airport,39.64260101,-106.9179993,13.56,1
FSM,Fort Smith Regional Airport,35.33660125732422,-94.36740112304688,13.56,1
JGA,Jamnagar Airport,22.465499877929688,70.01260375976562,13.56,1
YPW,Powell River Airport,49.83420181274414,-124.5,13.57,1
ASE,Aspen-Pitkin Co/Sardy Field,39.22320175,-106.8690033,13.57,1
PAP,Toussaint Louverture International Airport,18.579999923706055,-72.2925033569336,13.57,1
CCS,Simón Bolívar International Airport,10.601194,-66.991222,13.59,1
HDN,Yampa Valley Airport,40.48120117,-107.2180023,13.6,1
GCM,Owen Roberts International Airport,19.2928009033,-81.3576965332,13.61,1
BFF,Western Neb. Rgnl/William B. Heilig Airport,41.87400055,-103.5960007,13.62,1
YPN,Port Menier Airport,49.83639907836914,-64.2885971069336,13.62,2
IXR,Birsa Munda Airport,23.314300537100003,85.3217010498,13.62,1
GUC,Gunnison Crested Butte Regional Airport,38.53390121,-106.9329987,13.62,1
YBL,Campbell River Airport,49.950801849365234,-125.27100372314452,13.63,1
SNU,Abel Santamaria Airport,22.49220085144043,-79.943603515625,13.65,1
ACT,Waco Regional Airport,31.611299514770508,-97.23049926757812,13.66,1
YGV,Havre St Pierre Airport,50.28189849853515,-63.61140060424805,13.67,2
CKB,North Central West Virginia Airport,39.2966003418,-80.2281036377,13.67,2
VPE,Ngjiva Pereira Airport,-17.0435009003,15.683799743700002,13.67,1
ALS,San Luis Valley Regional Bergman Field,37.434898,-105.866997,13.68,1
BHJ,Bhuj Airport,23.2877998352,69.6701965332,13.68,1
AIA,Alliance Municipal Airport,42.0531997681,-102.804000854,13.68,1
YGR,Îles-de-la-Madeleine Airport,47.42470169067383,-61.778099060058594,13.68,2
CYB,Gerrard Smith International Airport,19.687000274658203,-79.88279724121094,13.68,1
TYR,Tyler Pounds Regional Airport,32.35409927368164,-95.40239715576172,13.68,1
STI,Cibao International Airport,19.406099319458008,-70.60469818115234,13.68,1
FKL,Venango Regional Airport,41.3778991699,-79.8603973389,13.68,2
VRA,Juan Gualberto Gomez International Airport,23.034400939941406,-81.435302734375,13.7,1
HDM,Hamadan Airport,34.86920166015625,48.5525016784668,13.7,2
SPS,Sheppard Air Force Base-Wichita Falls Municipal Airport,33.9888,-98.491898,13.7,1
ADU,Ardabil Airport,38.3256988525,48.4244003296,13.71,2
MTJ,Montrose Regional Airport,38.5097999573,-107.893997192,13.71,1
HOU,William P Hobby Airport,29.64539909,-95.27890015,13.73,1
YZF,Yellowknife Airport,62.462799072265625,-114.44000244140624,13.73,1
GJT,Grand Junction Regional Airport,39.1223983765,-108.527000427,13.74,1
PBM,Johan Adolf Pengel International Airport,5.4528298377999995,-55.1878013611,13.74,1
LRM,Casa De Campo International Airport,18.450700759887695,-68.91179656982422,13.74,1
YYF,Penticton Airport,49.46310043334961,-119.60199737548828,13.74,1
MVR,Salak Airport,10.45139980316162,14.257399559020996,13.74,2
MGQ,Aden Adde International Airport,2.0144400596618652,45.3046989440918,13.75,1
GRK,Robert Gray  Army Air Field Airport,31.067199707,-97.8289031982,13.75,1
BZN,Gallatin Field,45.77750015,-111.1529999,13.75,1
MCK,Mc Cook Ben Nelson Regional Airport,40.20629883,-100.5920029,13.75,1
GRU,Guarulhos - Governador André Franco Montoro International Airport,-23.435556411743164,-46.47305679321289,13.76,0
SCU,Antonio Maceo International Airport,19.96980094909668,-75.83540344238281,13.76,1
GGG,East Texas Regional Airport,32.38399887084961,-94.71150207519533,13.76,1
BLI,Bellingham International Airport,48.79280090332031,-122.53800201416016,13.76,1
LAW,Lawton Fort Sill Regional Airport,34.5676994324,-98.4166030884,13.76,1
IXB,Bagdogra Airport,26.68120002746582,88.32859802246094,13.76,1
JHW,Chautauqua County-Jamestown Airport,42.15340042,-79.25800323,13.76,2
PKB,Mid Ohio Valley Regional Airport,39.34510040283203,-81.43920135498047,13.77,2
EAT,Pangborn Memorial Airport,47.3988990784,-120.207000732,13.77,1
LBF,North Platte Regional Airport Lee Bird Field,41.12620163,-100.6839981,13.77,1
GTF,Great Falls International Airport,47.48199844,-111.3710022,13.78,1
CPR,Casper-Natrona County International Airport,42.908001,-106.463997,13.78,1
YKM,Yakima Air Terminal McAllister Field,46.56819916,-120.5439987,13.78,1
EGN,Geneina Airport,13.48169994354248,22.467199325561523,13.78,2
DUJ,DuBois Regional Airport,41.17829895,-78.8986969,13.79,2
ABI,Abilene Regional Airport,32.4113006592,-99.6819000244,13.79,1
CLL,Easterwood Field,30.58860016,-96.36380005,13.8,1
CSK,Cap Skirring Airport,12.39533,-16.748,13.8,3
CAN,Guangzhou Baiyun International Airport,23.39240074157715,113.29900360107422,13.8,0
YKU,Chisasibi Airport,53.80559921264648,-78.91690063476562,13.8,2
TGP,Podkamennaya Tunguska Airport,61.589699,89.994003,13.81,2
PDX,Portland International Airport,45.58869934,-122.5979996,13.81,1
BFD,Bradford Regional Airport,41.8031005859375,-78.64009857177734,13.81,2
DRO,Durango La Plata County Airport,37.1515007019,-107.753997803,13.82,1
HLN,Helena Regional Airport,46.6068000793457,-111.98300170898438,13.83,1
HOG,Frank Pais International Airport,20.785600662231445,-76.31510162353516,13.83,1
YNA,Natashquan Airport,50.189998626708984,-61.78919982910156,13.83,2
RKS,Southwest Wyoming Regional Airport,41.5942,-109.065001,13.83,1
CMW,Ignacio Agramonte International Airport,21.420299530029297,-77.84750366210938,13.84,1
TXK,Texarkana Regional Webb Field,33.45370101928711,-93.99099731445312,13.84,1
DAL,Dallas Love Field,32.847099,-96.851799,13.84,1
YWL,Williams Lake Airport,52.1831016541,-122.054000854,13.84,1
YZT,Port Hardy Airport,50.68059921264648,-127.36699676513672,13.84,1
IXE,Mangalore International Airport,12.9612998962,74.8900985718,13.85,1
CEZ,Cortez Municipal Airport,37.3030014038,-108.627998352,13.87,1
LBL,Liberal Mid-America Regional Airport,37.0442009,-100.9599991,13.88,1
AZS,Samaná El Catey International Airport,19.2670001984,-69.7419967651,13.88,1
CUR,Hato International Airport,12.1889,-68.959801,13.88,1
VCT,Victoria Regional Airport,28.85260009765625,-96.9185028076172,13.89,1
FMN,Four Corners Regional Airport,36.7411994934,-108.230003357,13.89,1
DDC,Dodge City Regional Airport,37.76340103149414,-99.9655990600586,13.9,1
LCH,Lake Charles Regional Airport,30.126100540161133,-93.22329711914062,13.9,1
BKK,Suvarnabhumi Airport,13.681099891662598,100.74700164794922,13.9,0
STT,Cyril E. King Airport,18.337299346923828,-64.97339630126953,13.91,1
RIW,Riverton Regional Airport,43.064201355,-108.459999084,13.91,1
PSC,Tri Cities Airport,46.26470184326172,-119.11900329589844,13.91,1
HND,Tokyo Haneda International Airport,35.552299,139.779999,13.92,0
NRT,Narita International Airport,35.7647018433,140.386001587,13.92,0
YZZ,Trail Airport,49.0555992126,-117.60900116,13.92,1
SAF,Santa Fe Municipal Airport,35.617099762,-106.088996887,13.92,1
ZGS,La Romaine Airport,50.259701,-60.679401,13.93,2
YMN,Makkovik Airport,55.076900482177734,-59.1864013671875,13.93,3
SJT,San Angelo Regional Mathis Field,31.35770034790039,-100.49600219726562,13.94,1
SAT,San Antonio International Airport,29.533700942993164,-98.46980285644533,13.94,1
YKL,Schefferville Airport,54.805301666259766,-66.8052978515625,13.94,2
YYU,Kapuskasing Airport,49.41389846801758,-82.46749877929688,13.94,2
GCC,Gillette Campbell County Airport,44.3488998413,-105.539001465,13.94,1
CZM,Cozumel International Airport,20.52239990234375,-86.92559814453125,13.95,1
QBC,Bella Coola Airport,52.387501,-126.596001,13.95,1
YQZ,Quesnel Airport,53.026100158691406,-122.51000213623048,13.95,1
BBI,Biju Patnaik Airport,20.244400024399997,85.8178024292,13.95,1
YHO,Hopedale Airport,55.448299407958984,-60.22859954833984,13.96,3
YBR,Brandon Municipal Airport,49.91,-99.951897,13.96,1
VGA,Vijayawada Airport,16.530399322509766,80.79679870605469,13.96,1
ABQ,Albuquerque International Sunport,35.040199,-106.609001,13.97,1
HKG,Hong Kong International Airport,22.308901,113.915001,13.97,0
SLC,Salt Lake City International Airport,40.78839874267578,-111.97799682617188,13.98,1
DSK,Dera Ismael Khan Airport,31.909400939941406,70.89659881591797,13.99,2
SSA,Deputado Luiz Eduardo Magalhães International Airport,-12.9086112976,-38.3224983215,13.99,1
ALW,Walla Walla Regional Airport,46.09489822,-118.288002,14.0,1
CCU,Netaji Subhash Chandra Bose International Airport,22.654699325561523,88.44670104980469,14.0,1
LLI,Lalibella Airport,11.975000381469728,38.97999954223633,14.0,2
AAY,Al Ghaidah International Airport,16.191699981689453,52.17499923706055,14.0,2
GEG,Spokane International Airport,47.61989974975586,-117.53399658203124,14.02,1
BPT,Southeast Texas Regional Airport,29.9507999420166,-94.02069854736328,14.02,1
RDM,Roberts Field,44.2541008,-121.1500015,14.03,1
MSO,Missoula International Airport,46.91630173,-114.0910034,14.03,1
CPT,Cape Town International Airport,-33.9648017883,18.6016998291,14.03,0
SHR,Sheridan County Airport,44.76919937133789,-106.9800033569336,14.03,1
AMA,Rick Husband Amarillo International Airport,35.219398,-101.706001,14.04,1
EUG,Mahlon Sweet Field,44.12459945678711,-123.21199798583984,14.04,1
LBB,Lubbock Preston Smith International Airport,33.663601,-101.822998,14.04,1
BQN,Rafael Hernandez Airport,18.49489974975586,-67.12940216064453,14.04,1
PWE,Pevek Airport,69.783302307129,170.59700012207,14.05,1
CRP,Corpus Christi International Airport,27.77039909362793,-97.5011978149414,14.05,1
FCA,Glacier Park International Airport,48.31050109863281,-114.25599670410156,14.05,1
VTZ,Vishakhapatnam Airport,17.721200943,83.2245025635,14.05,1
PUW,Pullman Moscow Regional Airport,46.7439,-117.110001,14.07,1
BON,Flamingo International Airport,12.130999565124512,-68.26850128173828,14.07,1
KRY,Karamay Airport,45.46655,84.9527,14.07,2
YUD,Umiujaq Airport,56.53609848022461,-76.51830291748047,14.08,2
KRL,Korla Airport,41.69779968261719,86.12889862060547,14.08,2
KHD,Khoram Abad Airport,33.43539810180664,48.282901763916016,14.08,3
RJA,Rajahmundry Airport,17.1103992462,81.81819915770001,14.08,1
PIR,Pierre Regional Airport,44.38270187,-100.2860031,14.09,1
YSK,Sanikiluaq Airport,56.5377998352,-79.2466964722,14.09,2
LWS,Lewiston Nez Perce County Airport,46.3745002746582,-117.01499938964844,14.09,1
MAF,Midland International Airport,31.9424991607666,-102.2020034790039,14.1,1
COD,Yellowstone Regional Airport,44.520198822,-109.024002075,14.1,1
IFJ,Ísafjörður Airport,66.05809783935547,-23.135299682617188,14.1,3
BZL,Barisal Airport,22.801000595092773,90.30120086669922,14.11,1
SDG,Sanandaj Airport,35.24589920043945,47.00920104980469,14.11,3
MRU,Sir Seewoosagur Ramgoolam International Airport,-20.430201,57.683601,14.11,0
BQS,Ignatyevo Airport,50.42539978027344,127.41200256347656,14.12,1
CCJ,Calicut International Airport,11.1367998123,75.95529937740001,14.13,1
PSE,Mercedita Airport,18.00830078125,-66.56300354003906,14.13,1
JAC,Jackson Hole Airport,43.6072998046875,-110.73799896240234,14.13,1
JLN,Joplin Regional Airport,37.151798248291016,-94.49829864501952,14.13,1
AEY,Akureyri Airport,65.66000366210938,-18.07270050048828,14.14,3
JSR,Jessore Airport,23.183799743652344,89.16079711914062,14.14,1
PGA,Page Municipal Airport,36.92610168,-111.447998,14.15,1
TIR,Tirupati Airport,13.632499694800002,79.543296814,14.16,1
NLT,Xinyuan Nalati Airport,43.4318,83.3786,14.16,2
SEZ,Seychelles International Airport,-4.67434,55.521801,14.17,1
YMO,Moosonee Airport,51.29109954833984,-80.60780334472656,14.17,2
GWL,Gwalior Airport,26.29330062866211,78.22779846191406,14.17,1
GAU,Lokpriya Gopinath Bordoloi International Airport,26.10610008239746,91.58589935302734,14.17,1
DEF,Dezful Airport,32.434399,48.397598,14.18,3
AUA,Queen Beatrix International Airport,12.5014,-70.015198,14.18,1
SCT,Socotra International Airport,12.63070011138916,53.905799865722656,14.18,2
POL,Pemba Airport,-12.991762161254885,40.52401351928711,14.19,1
MYQ,Mysore Airport,12.23,76.655833,14.19,1
MID,Licenciado Manuel Crescencio Rejon Int Airport,20.937000274699997,-89.657699585,14.2,1
YNP,Natuashish Airport,55.913898,-61.184399,14.21,3
CJB,Coimbatore International Airport,11.029999733,77.0434036255,14.21,1
IDA,Idaho Falls Regional Airport,43.514599,-112.070999,14.23,1
HRL,Valley International Airport,26.228500366210938,-97.65440368652344,14.24,1
CGP,Shah Amanat International Airport,22.24959945678711,91.81330108642578,14.25,1
IIL,Ilam Airport,33.58660125732422,46.40480041503906,14.25,3
LRD,Laredo International Airport,27.543800354003903,-99.46160125732422,14.25,1
AGR,Agra Airport,27.155799865722656,77.96089935302734,14.25,1
XIY,Xi'an Xianyang International Airport,34.447102,108.751999,14.26,1
COK,Cochin International Airport,10.152,76.401901,14.26,1
BRO,Brownsville South Padre Island International Airport,25.90679931640625,-97.4259033203125,14.27,1
YYD,Smithers Airport,54.82469940185547,-127.18299865722656,14.27,1
BPL,Alashankou Bole (Bortala) airport,44.895,82.3,14.27,2
MFR,Rogue Valley International Medford Airport,42.37419891357422,-122.8730010986328,14.28,1
PFQ,Parsabade Moghan Airport,39.60359954834,47.881500244141,14.28,3
LLW,Lilongwe International Airport,-13.7894001007,33.78099823,14.28,1
AAT,Altay Air Base,47.7498855591,88.08580780030002,14.28,2
YXT,Northwest Regional Airport Terrace-Kitimat,54.468498,-128.576009,14.28,1
MFE,Mc Allen Miller International Airport,26.17580032,-98.23860168,14.28,1
BOI,Boise Air Terminal/Gowen Field,43.5644,-116.223,14.28,1
SPD,Saidpur Airport,25.759199142456055,88.90889739990234,14.28,1
GCK,Garden City Regional Airport,37.9275016785,-100.723999023,14.29,1
TCG,Tacheng Airport,46.67250061035156,83.3407974243164,14.3,2
EGS,Egilsstaðir Airport,65.2833023071289,-14.401399612426758,14.3,3
KCA,Kuqa Airport,41.677856,82.872917,14.3,2
YES,Yasouj Airport,30.700500488281,51.545101165771,14.31,3
YPH,Inukjuak Airport,58.471900939941406,-78.07689666748047,14.32,2
AFZ,Sabzevar National Airport,36.16809844970703,57.59519958496094,14.32,3
OLL,Oyo Ollombo Airport,-1.226666,15.91,14.33,2
BJB,Bojnord Airport,37.49300003051758,57.30820083618164,14.33,3
GLK,Galcaio Airport,6.78082990646,47.45470047,14.34,1
LBE,Arnold Palmer Regional Airport,40.27590179,-79.40480042,14.34,1
MBL,Manistee Co Blacker Airport,44.2723999,-86.24690247,14.34,2
GAO,Mariana Grajales Airport,20.08530044555664,-75.1583023071289,14.35,1
CXB,Cox's Bazar Airport,21.45219993591309,91.96389770507812,14.35,1
ROW,Roswell International Air Center Airport,33.30160140991211,-104.53099822998048,14.35,1
SGU,St George Municipal Airport,37.036389,-113.510306,14.35,1
YZP,Sandspit Airport,53.25429916379999,-131.813995361,14.35,1
ELP,El Paso International Airport,31.80719948,-106.3779984,14.35,1
YPR,Prince Rupert Airport,54.2860984802,-130.445007324,14.36,1
YIN,Yining Airport,43.955799,81.330299,14.36,2
YDQ,Dawson Creek Airport,55.7422981262207,-120.18299865722656,14.36,1
GCH,Gachsaran Airport,30.337600708,50.827999115,14.36,3
YXY,Whitehorse / Erik Nielsen International Airport,60.7095985413,-135.067001343,14.36,1
DBA,Dalbandin Airport,28.8782997131,64.3998031616,14.36,2
SFG,L'Espérance Airport,18.099899291992,-63.047199249268,14.37,2
BZE,Philip S. W. Goldson International Airport,17.539100646972656,-88.30819702148438,14.37,1
RTB,Juan Manuel Galvez International Airport,16.316799,-86.523003,14.37,1
HMI,Hami Airport,42.8414,93.669197,14.38,2
SAB,Juancho E. Yrausquin Airport,17.645000457763672,-63.220001220703125,14.39,2
GDE,Gode Airport,5.93513011932,43.5786018372,14.4,2
THX,Turukhansk Airport,65.797203064,87.9353027344,14.41,2
KHY,Khoy Airport,38.4275016784668,44.97359848022461,14.41,3
YTQ,Tasiujaq Airport,58.66780090332031,-69.95580291748047,14.42,2
FBM,Lubumbashi International Airport,-11.5913000107,27.5308990479,14.42,1
DZA,Dzaoudzi Pamandzi International Airport,-12.804699897766112,45.28110122680664,14.42,1
APL,Nampula Airport,-15.105600357055664,39.28179931640625,14.43,1
ZMT,Masset Airport,54.02750015258789,-132.125,14.43,1
EUX,F. D. Roosevelt Airport,17.49650001525879,-62.979400634765625,14.45,2
WDH,Hosea Kutako International Airport,-22.4799,17.4709,14.46,1
DAT,Datong Airport,40.060299,113.482002,14.46,1
TRV,Trivandrum International Airport,8.48211956024,76.9200973511,14.46,1
PBH,Paro Airport,27.4032001495,89.42459869380001,14.47,1
YPJ,Aupaluk Airport,59.29669952392578,-69.59970092773438,14.47,2
MTY,General Mariano Escobedo International Airport,25.7784996033,-100.107002258,14.47,1
NLA,Simon Mwansa Kapwepwe International Airport,-12.998100280762,28.66489982605,14.47,1
XGR,Kangiqsualujjuaq (Georges River) Airport,58.71139907836914,-65.9927978515625,14.48,2
GDX,Sokol Airport,59.9109992980957,150.72000122070312,14.48,1
KME,Kamembe Airport,-2.462239980697632,28.907899856567383,14.5,2
BLZ,Chileka International Airport,-15.679100036621094,34.9739990234375,14.5,1
CIF,Chifeng Airport,42.23500061035156,118.90799713134766,14.52,1
PTY,Tocumen International Airport,9.0713596344,-79.3834991455,14.55,1
YPX,Puvirnituq Airport,60.05059814453125,-77.28690338134766,14.55,2
IXG,Belgaum Airport,15.8592996597,74.6183013916,14.55,1
DIB,Dibrugarh Airport,27.4839000702,95.0168991089,14.55,1
DOY,Dongying Shengli Airport,37.5085983276,118.788002014,14.56,1
YXL,Sioux Lookout Airport,50.11389923095703,-91.9052963256836,14.56,2
AKU,Aksu Airport,41.262501,80.291702,14.56,2
SLW,Plan De Guadalupe International Airport,25.54949951171875,-100.9290008544922,14.57,1
EIS,Terrance B. Lettsome International Airport,18.444799423217773,-64.54299926757812,14.57,2
SAP,Ramón Villeda Morales International Airport,15.4526,-87.923599,14.57,1
YKG,Kangirsuk Airport,60.027198791503906,-69.99919891357422,14.57,2
UIN,Quincy Regional Baldwin Field,39.94269943,-91.19460297,14.58,2
CHG,Chaoyang Airport,41.538101,120.434998,14.58,1
TNA,Yaoqiang Airport,36.857200622558594,117.21600341796876,14.58,1
KGT,Kangding Airport,30.1575,101.734722,14.59,1
MWA,Williamson County Regional Airport,37.75500107,-89.01110077,14.59,2
TUS,Tucson International Airport,32.1161003112793,-110.94100189208984,14.59,1
HRE,Robert Gabriel Mugabe International Airport,-17.931801,31.0928,14.6,1
STX,Henry E Rohlsen Airport,17.701900482177734,-64.79859924316406,14.6,2
TRZ,Tiruchirapally Civil Airport Airport,10.765399932861328,78.70970153808594,14.6,1
GRI,Central Nebraska Regional Airport,40.967498779296875,-98.30960083007812,14.6,1
YAG,Fort Frances Municipal Airport,48.65420150756836,-93.439697265625,14.6,2
CGI,Cape Girardeau Regional Airport,37.22529983520508,-89.57080078125,14.62,2
POG,Port Gentil Airport,-0.7117390036582947,8.754380226135254,14.62,2
TBN,Waynesville-St. Robert Regional Forney field,37.74160004,-92.14070129,14.63,2
JZH,Jiuzhai Huanglong Airport,32.8533333333,103.682222222,14.63,1
MKL,McKellar-Sipes Regional Airport,35.599899,-88.915604,14.64,2
BOG,El Dorado International Airport,4.70159,-74.1469,14.64,1
BKG,Branson Airport,36.532082,-93.200544,14.64,1
HET,Baita International Airport,40.851398,111.823997,14.64,1
IAA,Igarka Airport,67.43720245361328,86.62190246582031,14.64,2
MDK,Mbandaka Airport,0.0226000007242,18.2887001038,14.65,2
HOB,Lea County Regional Airport,32.6875,-103.2170029,14.65,1
CKG,Chongqing Jiangbei International Airport,29.719200134277344,106.64199829101562,14.65,1
DNH,Dunhuang Airport,40.16109848022461,94.80919647216795,14.66,2
IXM,Madurai Airport,9.83450984955,78.09339904790001,14.66,1
TYN,Taiyuan Wusu Airport,37.74689865112305,112.62799835205078,14.67,1
XIL,Xilinhot Airport,43.91559982299805,115.96399688720705,14.67,1
TVF,Thief River Falls Regional Airport,48.06570053,-96.18499756,14.67,2
WEF,Weifang Airport,36.646702,119.119003,14.68,1
DLC,Zhoushuizi Airport,38.9656982421875,121.53900146484376,14.68,1
YFH,Fort Hope Airport,51.5619010925293,-87.90779876708984,14.68,2
CUU,General Roberto Fierro Villalobos International Airport,28.702899932900003,-105.964996338,14.69,1
TGU,Toncontín International Airport,14.06089973449707,-87.21720123291016,14.69,1
IRK,Kirksville Regional Airport,40.09349822998047,-92.5448989868164,14.69,2
PZH,Zhob Airport,31.358400344848633,69.4636001586914,14.69,2
RNO,Reno Tahoe International Airport,39.49909973144531,-119.76799774169922,14.7,1
TSH,Tshikapa Airport,-6.43833,20.794701,14.71,2
QFG,Eqalugaarsuit Heliport,60.6197196536,-45.9140619636,14.72,4
DRV,Dharavandhoo Airport,5.1561,73.1302,14.72,1
XIC,Xichang Qingshan Airport,27.989099502563477,102.18399810791016,14.73,1
SHE,Taoxian Airport,41.639801025390625,123.48300170898438,14.74,1
KHV,Khabarovsk-Novy Airport,48.52799987793,135.18800354004,14.74,1
TRC,Francisco Sarabia International Airport,25.568300247199996,-103.411003113,14.75,1
LLU,Alluitsup Paa Heliport,60.46445,-45.56917,14.75,4
TAM,General Francisco Javier Mina International Airport,22.2964000702,-97.8658981323,14.75,1
FLG,Flagstaff Pulliam Airport,35.13850021,-111.6709976,14.76,1
LUN,Kenneth Kaunda International Airport Lusaka,-15.3308000565,28.4526004791,14.76,1
OWB,Owensboro Daviess County Airport,37.74010086,-87.16680145,14.77,2
YNT,Yantai Laishan Airport,37.40169906616211,121.37200164794922,14.77,1
SOW,Show Low Regional Airport,34.265499115,-110.005996704,14.77,1
PSP,Palm Springs International Airport,33.8297004699707,-116.50700378417967,14.78,1
CIH,Changzhi Airport,36.247501,113.125999,14.78,1
SMF,Sacramento International Airport,38.69540023803711,-121.59100341796876,14.78,1
ERL,Erenhot Saiwusu International Airport,43.4225,112.096667,14.79,1
VSA,Carlos Rovirosa Pérez International Airport,17.996999740600586,-92.81739807128906,14.79,1
JNG,Jining Qufu Airport,35.292778,116.346667,14.79,1
JBR,Jonesboro Municipal Airport,35.83169937133789,-90.64640045166016,14.79,2
JNN,Nanortalik Heliport,60.141883975899994,-45.232976675,14.8,4
TAO,Liuting Airport,36.2661018372,120.374000549,14.8,1
AOG,Anshan Air Base,41.105301,122.853996,14.81,1
STS,Charles M. Schulz Sonoma County Airport,38.50899887,-122.8130035,14.81,1
DCY,Daocheng Yading Airport,29.323056,100.053333,14.81,1
ONT,Ontario International Airport,34.055999755859375,-117.60099792480467,14.83,1
VQS,Vieques Airport,18.1158008575,-65.4226989746,14.83,2
BAV,Baotou Airport,40.560001373291016,109.99700164794922,14.83,1
CPX,Benjamin Rivera Noriega Airport,18.313289,-65.304324,14.83,2
YUM,Yuma MCAS/Yuma International Airport,32.65660095,-114.6060028,14.84,1
DSN,Ordos Ejin Horo Airport,39.49,109.861388889,14.85,1
WXN,Wanxian Airport,30.8017,108.433,14.85,1
BXR,Bam Airport,29.084199905395508,58.45000076293945,14.85,3
LYI,Shubuling Airport,35.04610061645508,118.41200256347656,14.86,1
AHN,Athens Ben Epps Airport,33.94860076904297,-83.32630157470703,14.86,2
MRY,Monterey Peninsula Airport,36.58700180053711,-121.84300231933594,14.86,1
MOD,Modesto City Co-Harry Sham Field,37.62580109,-120.9540024,14.86,1
BNB,Boende Airport,-0.2169999927282333,20.850000381469727,14.87,2
MGA,Augusto C. Sandino (Managua) International Airport,12.14150047302246,-86.16819763183594,14.87,1
ZYI,Zunyi Xinzhou Airport,27.5895,107.0007,14.87,1
GUA,La Aurora Airport,14.5833,-90.527496,14.87,1
ORH,Worcester Regional Airport,42.26729965209961,-71.87570190429688,14.87,1
BUR,Bob Hope Airport,34.20069885253906,-118.35900115966795,14.88,1
YWP,Webequie Airport,52.9593933975,-87.3748683929,14.88,2
TGO,Tongliao Airport,43.556702,122.199997,14.88,1
SNA,John Wayne Airport-Orange County Airport,33.67570114,-117.8679962,14.89,1
SAL,Monseñor Óscar Arnulfo Romero International Airport,13.4409,-89.055702,14.89,1
MAZ,Eugenio Maria De Hostos Airport,18.255699157714844,-67.14849853515625,14.89,2
LGB,Long Beach /Daugherty Field/ Airport,33.81769943,-118.1520004,14.89,1
DYR,Ugolny Airport,64.734902,177.740997,14.9,1
KDO,Kadhdhoo Airport,1.8591699600219729,73.52189636230469,14.9,1
KGA,Kananga Airport,-5.90005016327,22.4692001343,14.91,2
OAK,Metropolitan Oakland International Airport,37.721298,-122.221001,14.92,1
UYN,Yulin Yuyang Airport,38.35971,109.590927,14.92,1
JIQ,Qianjiang Wulingshan Airport,29.5133333333,108.831111111,14.92,1
SLP,Ponciano Arriaga International Airport,22.254299163800003,-100.930999756,14.92,1
TGZ,Angel Albino Corzo International Airport,16.5636005402,-93.0224990845,14.93,1
KTN,Ketchikan International Airport,55.35559845,-131.7140045,14.93,1
PZI,Bao'anying Airport,26.54,101.79852,14.93,1
LYG,Lianyungang Airport,34.571667,118.873611,14.93,1
VIJ,Virgin Gorda Airport,18.446399688720703,-64.42749786376953,14.95,2
DDG,Dandong Airport,40.0247,124.286003,14.95,1
FAT,Fresno Yosemite International Airport,36.77619934082031,-119.71800231933594,14.95,1
CGO,Zhengzhou Xinzheng International Airport,34.519699096699995,113.841003418,14.96,1
DIG,Diqing Airport,27.7936,99.6772,14.96,1
SJC,Norman Y. Mineta San Jose International Airport,37.362598,-121.929001,14.97,1
KWE,Longdongbao Airport,26.53849983215332,106.8010025024414,14.97,1
PIE,St Petersburg Clearwater International Airport,27.91020012,-82.68740082,14.98,2
BSB,Presidente Juscelino Kubistschek International Airport,-15.86916732788086,-47.92083358764648,14.98,1
AZA,Phoenix-Mesa-Gateway Airport,33.30780029,-111.6549988,14.98,1
HTN,Hotan Airport,37.03850173950195,79.86489868164062,14.99,2
PGD,Charlotte County Airport,26.92020035,-81.9905014,14.99,2
GIU,Sigiriya Air Force Base,7.956669807430001,80.7285003662,14.99,1
UKX,Ust-Kut Airport,56.8567008972168,105.7300033569336,14.99,2
YQK,Kenora Airport,49.788299560546875,-94.36309814453124,15.0,2
UMD,Uummannaq Heliport,70.6804279261,-52.111630439799995,15.0,4
LYA,Luoyang Airport,34.741100311299995,112.388000488,15.0,1
BFL,Meadows Field,35.43360138,-119.0569992,15.0,1
KCT,Koggala Airport,5.993680000305176,80.32029724121094,15.01,1
SLN,Salina Municipal Airport,38.79100036621094,-97.6521987915039,15.01,2
CIC,Chico Municipal Airport,39.79539871,-121.8580017,15.01,1
BAQ,Ernesto Cortissoz International Airport,10.8896,-74.7808,15.02,1
LJG,Lijiang Airport,26.6800003052,100.246002197,15.02,1
ZCL,General Leobardo C. Ruiz International Airport,22.8971004486,-102.68699646,15.02,1
ENY,Yan'an Ershilipu Airport,36.636902,109.554001,15.03,1
MMU,Morristown Municipal Airport,40.79940032958984,-74.41490173339844,15.03,2
DGO,General Guadalupe Victoria International Airport,24.1242008209,-104.527999878,15.04,1
HRI,Mattala Rajapaksa International Airport,6.284467,81.124128,15.04,1
LIR,Daniel Oduber Quiros International Airport,10.5933,-85.544403,15.04,1
HIA,Lianshui Airport,33.7908333333,119.125,15.05,1
CTG,Rafael Nuñez International Airport,10.4424,-75.513,15.05,1
YCU,Yuncheng Guangong Airport,35.116391,111.031388889,15.05,1
SMX,Santa Maria Pub/Capt G Allan Hancock Field,34.89889908,-120.4570007,15.05,1
YNG,Youngstown Warren Regional Airport,41.26070023,-80.67910004,15.05,2
CLD,Mc Clellan-Palomar Airport,33.12829971,-117.2799988,15.06,1
GKK,Kooddoo Airport,0.7324,73.4336,15.06,1
SBA,Santa Barbara Municipal Airport,34.42620087,-119.8399963,15.06,1
MJM,Mbuji Mayi Airport,-6.121240139010001,23.569000244099996,15.07,2
RLK,Bayannur Tianjitai Airport,40.926,107.7428,15.07,1
KHG,Kashgar Airport,39.5429000854,76.0199966431,15.07,2
QRO,Querétaro Intercontinental Airport,20.6173,-100.185997,15.08,1
VVO,Vladivostok International Airport,43.39899826049805,132.1479949951172,15.08,1
SJO,Juan Santamaria International Airport,9.993860244750977,-84.20880126953125,15.08,1
YRL,Red Lake Airport,51.066898345947266,-93.79309844970705,15.08,2
AGU,Jesús Terán Paredo International Airport,21.705601,-102.318001,15.08,1
KMG,Kunming Changshui International Airport,25.1019444,102.9291667,15.08,1
WIL,Nairobi Wilson Airport,-1.321720004081726,36.81480026245117,15.09,2
SBP,San Luis County Regional Airport,35.236801147499996,-120.641998291,15.09,1
HOT,Memorial Field,34.47800064086914,-93.09619903564452,15.1,2
KDM,Kaadedhdhoo Airport,0.4881309866905212,72.99690246582031,15.1,1
FNJ,Pyongyang Sunan International Airport,39.224098,125.669998,15.11,1
BJX,Del Bajío International Airport,20.9935,-101.481003,15.11,1
RDD,Redding Municipal Airport,40.50899887,-122.2929993,15.11,1
BIM,South Bimini Airport,25.6998996735,-79.2647018433,15.11,2
HRO,Boone County Airport,36.26150131225586,-93.15470123291016,15.13,2
HMO,General Ignacio P. Garcia International Airport,29.095899581900003,-111.047996521,15.13,1
DLU,Dali Airport,25.649401,100.319,15.13,1
BPX,Qamdo Bangda Airport,30.553600311279297,97.1082992553711,15.13,1
FUG,Fuyang Xiguan Airport,32.882157,115.734364,15.13,1
IPL,Imperial County Airport,32.834201812699995,-115.57900238,15.13,1
YNZ,Yancheng Airport,33.425833,120.203056,15.14,1
HLH,Ulanhot Airport,46.195333,122.008333,15.14,1
LHW,Lanzhou Zhongchuan Airport,36.5152015686,103.620002747,15.14,1
ELD,South Arkansas Regional At Goodwin Field,33.22100067138672,-92.81330108642578,15.14,2
VER,General Heriberto Jara International Airport,19.1459007263,-96.1873016357,15.15,1
SCK,Stockton Metropolitan Airport,37.894199371338,-121.2379989624,15.15,1
CNF,Tancredo Neves International Airport,-19.62444305419922,-43.97194290161133,15.16,1
KCK,Kirensk Airport,57.773,108.064,15.16,2
XNN,Xining Caojiabu Airport,36.5275,102.042999,15.17,1
WUA,Wuhai Airport,39.7934,106.7993,15.17,1
RGN,Yangon International Airport,16.907300949099998,96.1332015991,15.17,1
KUL,Kuala Lumpur International Airport,2.745579957962,101.70999908447,15.18,0
GLH,Mid Delta Regional Airport,33.4828987121582,-90.98560333251952,15.18,2
LAU,Manda Airstrip,-2.252419948577881,40.91310119628906,15.19,2
PBC,Hermanos Serdán International Airport,19.1581001282,-98.3713989258,15.19,1
KYZ,Kyzyl Airport,51.66939926147461,94.40059661865234,15.2,2
ACV,California Redwood Coast-Humboldt County Airport,40.978101,-124.109,15.21,1
CGQ,Longjia Airport,43.9962005615,125.684997559,15.21,1
YIH,Yichang Sanxia Airport,30.55655,111.479988,15.21,1
MLM,General Francisco J. Mujica International Airport,19.849899292,-101.025001526,15.22,1
MAR,La Chinita International Airport,10.5582084656,-71.7278594971,15.22,1
YTY,Yangzhou Taizhou Airport,32.5634,119.7198,15.23,1
MZT,General Rafael Buelna International Airport,23.1613998413,-106.26599884,15.23,1
VIS,Visalia Municipal Airport,36.3186988831,-119.392997742,15.23,1
LVI,Livingstone Airport,-17.821800231933594,25.82270050048828,15.24,1
YPY,Fort Chipewyan Airport,58.7672004699707,-111.11699676513672,15.25,2
TNR,Ivato Airport,-18.7969,47.478802,15.25,1
GAN,Gan International Airport,-0.693342,73.155602,15.26,1
CME,Ciudad del Carmen International Airport,18.65369987487793,-91.79900360107422,15.28,1
HFE,Hefei Luogang International Airport,31.780000686645508,117.2979965209961,15.28,1
GMP,Gimpo International Airport,37.5583,126.791,15.28,1
GDL,Don Miguel Hidalgo Y Costilla International Airport,20.521799087524418,-103.31099700927734,15.29,1
IAG,Niagara Falls International Airport,43.1072998046875,-78.94619750976562,15.29,2
NZH,Manzhouli Xijiao Airport,49.566667,117.33,15.29,2
BKZ,Bukoba Airport,-1.332,31.8212,15.29,2
NBS,Changbaishan Airport,42.066944,127.602222,15.31,1
NKG,Nanjing Lukou Airport,31.742000579833984,118.86199951171876,15.31,1
OAX,Xoxocotlán International Airport,16.9999008179,-96.726600647,15.32,1
CZX,Changzhou Benniu Airport,31.919701,119.778999,15.32,1
CEC,Jack Mc Namara Field Airport,41.78020096,-124.2369995,15.32,1
XFN,Xiangyang Liuji Airport,32.1506,112.291,15.33,1
PAZ,El Tajín National Airport,20.6026992798,-97.4608001709,15.33,1
BLA,General José Antonio Anzoategui International Airport,10.111111,-64.692222,15.33,2
LMT,Crater Lake-Klamath Regional Airport,42.156101,-121.733002,15.34,1
TAE,Daegu Airport,35.896872,128.65531,15.34,1
TCZ,Tengchong Tuofeng Airport,24.9380555556,98.4858333333,15.34,1
TCB,Treasure Cay Airport,26.745300293,-77.3912963867,15.34,2
PHB,Prefeito Doutor João Silva Filho Airport,-2.89374995232,-41.73199844359999,15.35,2
JAL,El Lencero Airport,19.4750995636,-96.7975006104,15.36,1
NDG,Qiqihar Sanjiazi Airport,47.239601135253906,123.91799926757812,15.36,1
KWL,Guilin Liangjiang International Airport,25.21809959411621,110.03900146484376,15.37,1
UUS,Yuzhno-Sakhalinsk Airport,46.88869857788086,142.71800231933594,15.37,1
HRB,Taiping Airport,45.6234016418457,126.25,15.37,1
JDO,Orlando Bezerra de Menezes Airport,-7.21895980835,-39.2700996399,15.38,2
MUN,Maturín Airport,9.75452995300293,-63.14739990234375,15.38,2
KND,Kindu Airport,-2.91917991638,25.915399551399997,15.38,2
MNL,Ninoy Aquino International Airport,14.5086,121.019997,15.38,0
JNU,Juneau International Airport,58.35499954223633,-134.5760040283203,15.39,1
NNY,Nanyang Jiangying Airport,32.980801,112.614998,15.39,1
YQD,The Pas Airport,53.97140121459961,-101.09100341796876,15.39,2
DQA,Saertu Airport,46.7463888889,125.140555556,15.39,1
WUX,Sunan Shuofang International Airport,31.494400024399997,120.429000854,15.39,1
MMH,Mammoth Yosemite Airport,37.62409973,-118.8379974,15.4,1
LUM,Mangshi Airport,24.4011,98.5317,15.4,1
WUH,Wuhan Tianhe International Airport,30.7838,114.208,15.4,1
YLC,Kimmirut Airport,62.8499984741,-69.88330078119999,15.4,2
CJJ,Cheongju International Airport/Cheongju Air Base (K-59/G-513),36.717008,127.498741,15.4,1
MCE,Merced Regional Macready Field,37.28469849,-120.5139999,15.41,1
ZHY,Zhongwei Shapotou Airport,37.573125,105.154454,15.41,1
FEN,Fernando de Noronha Airport,-3.85493,-32.423302,15.41,2
MWX,Muan International Airport,34.991406,126.382814,15.41,1
MCZ,Zumbi dos Palmares Airport,-9.510809898376465,-35.79169845581055,15.42,2
LZH,Liuzhou Bailian Airport,24.2075,109.390999,15.42,1
PVR,Licenciado Gustavo Díaz Ordaz International Airport,20.680099487304688,-105.25399780273438,15.43,1
SUK,Sakkyryr Airport,67.792,130.394,15.43,2
HLD,Dongshan Airport,49.2050018311,119.824996948,15.43,1
FKI,Bangoka International Airport,0.481638997793,25.3379993439,15.45,2
AQG,Anqing Tianzhushan Airport,30.582199,117.050003,15.45,1
ACA,General Juan N Alvarez International Airport,16.757099151611328,-99.75399780273438,15.45,1
ODO,Bodaybo Airport,57.866100311299995,114.242996216,15.45,2
XSC,South Caicos Airport,21.5156993866,-71.528503418,15.46,2
ZIH,Ixtapa Zihuatanejo International Airport,17.601600647,-101.460998535,15.47,1
SHA,Shanghai Hongqiao International Airport,31.197900772094727,121.33599853515624,15.47,1
HGH,Hangzhou Xiaoshan International Airport,30.22949981689453,120.43399810791016,15.48,1
HAN,Noi Bai International Airport,21.221200942993164,105.80699920654295,15.48,1
CSX,Changsha Huanghua International Airport,28.189199447599997,113.220001221,15.48,1
LZY,Nyingchi Airport,29.303300857543945,94.33529663085938,15.48,1
MDE,Jose Maria Córdova International Airport,6.16454,-75.4231,15.49,1
BHR,Bharatpur Airport,27.678101,84.429398,15.49,2
BYN,Bayankhongor Airport,46.163299560546875,100.7040023803711,15.49,2
PKC,Yelizovo Airport,53.16790008544922,158.45399475097656,15.5,1
YFO,Flin Flon Airport,54.6781005859375,-101.68199920654295,15.5,2
SJD,Los Cabos International Airport,23.15180015563965,-109.72100067138672,15.5,1
ZLT,La Tabatière Airport,50.8307991027832,-58.97560119628906,15.5,4
REX,General Lucio Blanco International Airport,26.0089,-98.2285,15.51,1
DLZ,Dalanzadgad Airport,43.59170150756836,104.43000030517578,15.51,2
THE,Senador Petrônio Portela Airport,-5.0599398613,-42.8235015869,15.51,2
PBD,Porbandar Airport,21.6487007141,69.65720367429999,15.51,2
GDT,JAGS McCartney International Airport,21.444499969482425,-71.14230346679688,15.51,2
YNJ,Yanji Chaoyangchuan Airport,42.8828010559,129.451004028,15.52,1
LZC,Lázaro Cárdenas Airport,18.0016994476,-102.221000671,15.52,1
SIN,Singapore Changi Airport,1.35019,103.994003,15.53,0
JKR,Janakpur Airport,26.708799362199997,85.9224014282,15.53,2
OTH,Southwest Oregon Regional Airport,43.41709899902344,-124.24600219726562,15.53,1
MXV,Mörön Airport,49.663299560546875,100.0989990234375,15.54,2
NNG,Nanning Wuxu Airport,22.608299255371097,108.1719970703125,15.54,1
ZLO,Playa De Oro International Airport,19.1448001862,-104.558998108,15.54,1
YYE,Fort Nelson Airport,58.8363990784,-122.597000122,15.55,2
CJU,Jeju International Airport,33.51129913330078,126.49299621582033,15.55,1
YTH,Thompson Airport,55.80110168457031,-97.86419677734376,15.56,2
PKR,Pokhara Airport,28.200899124145508,83.98210144042969,15.56,2
JPA,Presidente Castro Pinto International Airport,-7.145833015440001,-34.9486122131,15.57,2
JHG,Xishuangbanna Gasa Airport,21.973899841308594,100.76000213623048,15.57,1
TXN,Tunxi International Airport,29.733299255371097,118.25599670410156,15.57,1
TLC,Licenciado Adolfo Lopez Mateos International Airport,19.3370990753,-99.56600189210002,15.58,1
PRC,Ernest A. Love Field,34.65449905,-112.4199982,15.58,1
YHR,Chevery Airport,50.46889877319336,-59.63669967651367,15.58,4
PZO,General Manuel Carlos Piar International Airport,8.288530349731445,-62.760398864746094,15.58,2
ZEM,Eastmain River Airport,52.22639846801758,-78.52249908447266,15.59,3
MDG,Mudanjiang Hailang International Airport,44.5241012573,129.569000244,15.59,1
JIU,Jiujiang Lushan Airport,29.476944,115.801111,15.6,1
COQ,Choibalsan Airport,48.13570022583008,114.64600372314452,15.61,2
TMI,Tumling Tar Airport,27.315001,87.193298,15.61,2
HUX,Bahías de Huatulco International Airport,15.7753,-96.262604,15.61,1
BWA,Gautam Buddha Airport,27.505685,83.416293,15.62,2
JDZ,Jingdezhen Airport,29.3386001587,117.176002502,15.62,1
YXP,Pangnirtung Airport,66.1449966431,-65.71360015869999,15.62,2
PXM,Puerto Escondido International Airport,15.8769,-97.089103,15.62,1
PTG,Polokwane International Airport,-23.845269,29.458615,15.63,1
GBE,Sir Seretse Khama International Airport,-24.555201,25.9182,15.64,1
PUS,Gimhae International Airport,35.1795005798,128.93800354,15.64,1
CAP,Cap Haitien International Airport,19.733,-72.194702,15.64,2
ULK,Lensk Airport,60.7206001282,114.825996399,15.65,2
MQJ,Moma Airport,66.450861,143.261551,15.65,2
MQP,Kruger Mpumalanga International Airport,-25.3831996918,31.1056003571,15.65,1
NGB,Ningbo Lishe International Airport,29.82670021057129,121.46199798583984,15.65,1
CLQ,Licenciado Miguel de la Madrid Airport,19.277,-103.577002,15.65,1
YGX,Gillam Airport,56.35749816894531,-94.71060180664062,15.65,2
CVM,General Pedro Jose Mendez International Airport,23.7033004761,-98.9564971924,15.66,1
MTS,Matsapha Airport,-26.52899932861328,31.3075008392334,15.66,1
HSN,Zhoushan Airport,29.9342002869,122.361999512,15.66,1
YIW,Yiwu Airport,29.3446998596,120.031997681,15.67,1
BIR,Biratnagar Airport,26.48150062561035,87.26399993896484,15.67,2
MTT,Minatitlán/Coatzacoalcos National Airport,18.1033992767,-94.5807037354,15.68,1
KHN,Nanchang Changbei International Airport,28.864999771118164,115.9000015258789,15.68,1
AJU,Santa Maria Airport,-10.984000206,-37.0703010559,15.69,2
SLZ,Marechal Cunha Machado International Airport,-2.585360050201416,-44.234100341796875,15.69,2
HDS,Hoedspruit Air Force Base Airport,-24.3686008453,31.0487003326,15.71,1
LYB,Edward Bodden Airfield,19.660161,-80.088826,15.71,2
FUK,Fukuoka Airport,33.585899353027344,130.4510040283203,15.71,1
JGS,Jinggangshan Airport,26.856899261499997,114.736999512,15.72,1
VLN,Arturo Michelena International Airport,10.14973258972168,-67.92839813232422,15.73,2
BHY,Beihai Airport,21.5394,109.293999,15.73,1
YTE,Cape Dorset Airport,64.2300033569,-76.5267028809,15.74,2
DAX,Dachuan Airport,31.1302,107.4295,15.74,1
UBJ,Yamaguchi Ube Airport,33.930000305200004,131.279006958,15.74,1
GYS,Guangyuan Airport,32.3911018371582,105.7020034790039,15.74,1
PBL,General Bartolome Salom International Airport,10.48050022125244,-68.072998046875,15.74,2
MSU,Moshoeshoe I International Airport,-29.462299346923828,27.552499771118164,15.75,1
BDP,Bhadrapur Airport,26.5708007812,88.07959747310001,15.75,2
HSG,Saga Airport,33.149700164799995,130.302001953,15.75,1
BFN,Bram Fischer International Airport,-29.0926990509,26.302400589,15.75,1
PHW,Hendrik Van Eck Airport,-23.9372005463,31.1553993225,15.75,1
NGS,Nagasaki Airport,32.916900634799994,129.914001465,15.75,1
VCP,Viracopos International Airport,-23.0074005127,-47.1344985962,15.77,1
CGD,Changde Airport,28.9188995361,111.63999939,15.77,1
HDG,Handan Airport,36.5258333333,114.425555556,15.78,1
JXA,Jixi Xingkaihu Airport,45.293,131.193,15.78,1
KOW,Ganzhou Airport,25.853333,114.778889,15.79,1
CDR,Chadron Municipal Airport,42.837600708,-103.095001221,15.79,2
DYG,Dayong Airport,29.1028,110.443001,15.8,1
JMU,Jiamusi Airport,46.84339904789999,130.464996338,15.81,1
YGJ,Miho Yonago Airport,35.4921989440918,133.23599243164062,15.81,1
MPM,Maputo Airport,-25.920799,32.572601,15.82,1
HYN,Huangyan Luqiao Airport,28.56220054626465,121.4290008544922,15.82,1
KMJ,Kumamoto Airport,32.83729934692383,130.85499572753906,15.82,1
OIT,Oita Airport,33.479400634799994,131.736999512,15.82,1
MYW,Mtwara Airport,-10.339099884033203,40.18180084228515,15.83,2
ULZ,Donoi Airport,47.7093,96.5258,15.83,2
CLO,Alfonso Bonilla Aragon International Airport,3.54322,-76.3816,15.83,1
PZB,Pietermaritzburg Airport,-29.649000167799997,30.3987007141,15.83,1
KEP,Nepalgunj Airport,28.103599548339844,81.66699981689453,15.83,2
ZHA,Zhanjiang Airport,21.214399,110.358002,15.84,1
EZE,Ministro Pistarini International Airport,-34.8222,-58.5358,15.84,0
KIM,Kimberley Airport,-28.802799224900003,24.7651996613,15.84,1
HIJ,Hiroshima Airport,34.4361000061,132.919006348,15.85,1
YIC,Yichun Mingyueshan Airport,27.8025,114.3062,15.85,1
WUS,Nanping Wuyishan Airport,27.7019,118.000999,15.85,1
BSA,Bosaso Airport,11.27530002593994,49.14939880371094,15.85,2
TPQ,Amado Nervo National Airport,21.4195,-104.843002,15.86,1
NAO,Nanchong Airport,30.79545,106.1626,15.87,1
RCB,Richards Bay Airport,-28.740999221800003,32.0920982361,15.87,1
DUR,King Shaka International Airport,-29.6144444444,31.1197222222,15.87,1
KIX,Kansai International Airport,34.42729949951172,135.24400329589844,15.87,1
MYJ,Matsuyama Airport,33.82720184326172,132.6999969482422,15.88,1
JBQ,La Isabela International Airport,18.572500228881836,-69.98560333251953,15.88,2
ZKG,Kegaska Airport,50.1958007812,-61.2658004761,15.88,3
GGW,Wokal Field Glasgow International Airport,48.212502,-106.614998,15.88,2
WNZ,Wenzhou Longwan International Airport,27.912201,120.851997,15.88,1
LXA,Lhasa Gonggar Airport,29.2978000641,90.9119033813,15.89,1
HVR,Havre City County Airport,48.54299927,-109.762001,15.89,2
GDV,Dawson Community Airport,47.13869858,-104.8069992,15.9,2
YNC,Wemindji Airport,53.01060104370117,-78.83110046386719,15.91,3
MIG,Mianyang Airport,31.4281005859375,104.74099731445312,15.92,1
OKJ,Okayama Airport,34.7569007874,133.854995728,15.92,1
OLF,L M Clayton Airport,48.0945014954,-105.574996948,15.92,2
BRM,Barquisimeto International Airport,10.042746543884276,-69.3586196899414,15.92,2
YLE,Whatì Airport,63.13169860839844,-117.24600219726562,15.93,2
ARK,Arusha Airport,-3.3677899837493896,36.63330078125,15.93,2
KOJ,Kagoshima Airport,31.80340003967285,130.718994140625,15.93,1
SJW,Shijiazhuang Daguocun International Airport,38.28070068359375,114.6969985961914,15.94,1
IXZ,Vir Savarkar International Airport,11.641200065612791,92.72969818115234,15.94,1
NGO,Chubu Centrair International Airport,34.8583984375,136.80499267578125,15.94,1
CGH,Congonhas Airport,-23.626110076904297,-46.65638732910156,15.95,1
JUH,Jiuhuashan Airport,30.7403,117.6856,15.95,1
SZX,Shenzhen Bao'an International Airport,22.639299392700195,113.81099700927734,15.96,1
MAM,General Servando Canales International Airport,25.7698993683,-97.5252990723,15.96,1
XMN,Xiamen Gaoqi International Airport,24.54400062561035,118.12799835205078,15.97,1
YFJ,Wekweètì Airport,64.190804,-114.077002,15.97,2
YSG,Lutselk'e Airport,62.418303,-110.681998,15.97,2
KMI,Miyazaki Airport,31.877199173,131.449005127,15.97,1
TAK,Takamatsu Airport,34.214199066199996,134.01600647,15.97,1
IKS,Tiksi Airport,71.697700500488,128.90299987793,15.97,2
CZE,José Leonardo Chirinos Airport,11.41494369506836,-69.68090057373047,15.97,2
FRW,Francistown Airport,-21.15959930419922,27.47450065612793,15.97,1
XUZ,Xuzhou Guanyin Airport,34.059056,117.555278,15.98,1
DHI,Dhangarhi Airport,28.75329971313477,80.58190155029297,15.98,2
MGH,Margate Airport,-30.8574008942,30.343000412,15.98,1
ZUH,Zhuhai Jinwan Airport,22.006399,113.375999,15.98,1
CUM,Cumaná (Antonio José de Sucre) Airport,10.450332641601562,-64.1304702758789,15.98,2
MFM,Macau International Airport,22.149599,113.592003,15.98,1
PNZ,Senador Nilo Coelho Airport,-9.362409591674805,-40.56909942626953,15.99,2
YYQ,Churchill Airport,58.739200592041016,-94.06500244140624,15.99,2
SDY,Sidney - Richland Regional Airport,47.706902,-104.193001,15.99,2
HAK,Haikou Meilan International Airport,19.934900283813477,110.45899963378906,16.0,1
WRL,Worland Municipal Airport,43.9656982421875,-107.95099639892578,16.0,2
TEN,Tongren Fenghuang Airport,27.883333,109.308889,16.01,1
YRA,Rae Lakes Airport,64.11609649658203,-117.30999755859376,16.02,2
VIX,Eurico de Aguiar Salles Airport,-20.258057,-40.286388,16.02,1
PVU,Provo Municipal Airport,40.219200134277,-111.72299957275,16.02,1
TSN,Tianjin Binhai International Airport,39.124401092499994,117.346000671,16.03,1
RUN,Roland Garros Airport,-20.88710021972656,55.51029968261719,16.03,1
PQM,Palenque International Airport,17.533153,-92.015484,16.03,1
UTT,K. D. Matanzima Airport,-31.5463631849,28.6733551025,16.03,1
AAN,Al Ain International Airport,24.261699676513672,55.60919952392578,16.03,2
OIM,Oshima Airport,34.782001495399996,139.36000061,16.04,1
SOM,San Tomé Airport,8.9451465606689,-64.151084899902,16.04,2
UST,Northeast Florida Regional Airport,29.9592,-81.339798,16.04,2
LSP,Josefa Camejo International Airport,11.78077507019043,-70.15149688720703,16.05,2
YAA,Anahim Lake Airport,52.45249938964844,-125.3030014038086,16.06,2
SYX,Sanya Phoenix International Airport,18.302900314331055,109.41200256347656,16.08,1
LAM,Los Alamos Airport,35.8797988892,-106.268997192,16.09,2
NAQ,Qaanaaq Airport,77.4886016846,-69.3887023926,16.09,4
BNS,Barinas Airport,8.615,-70.21416667,16.11,2
VLV,Dr. Antonio Nicolás Briceño Airport,9.34047794342041,-70.58406066894531,16.11,2
RAO,Leite Lopes Airport,-21.136388778686523,-47.776668548583984,16.12,1
FOC,Fuzhou Changle International Airport,25.93510055541992,119.66300201416016,16.12,1
KMQ,Komatsu Airport,36.39459991455078,136.40699768066406,16.12,1
TPE,Taiwan Taoyuan International Airport,25.0777,121.233002,16.12,1
BUQ,Joshua Mqabuko Nkomo International Airport,-20.017401,28.617901,16.13,1
LZO,Luzhou Airport,28.85219955444336,105.39299774169922,16.14,1
SWA,Jieyang Chaoshan International Airport,23.552,116.5033,16.14,1
TAP,Tapachula International Airport,14.7943000793,-92.3700027466,16.16,1
NLD,Quetzalcóatl International Airport,27.4438991547,-99.5705032349,16.17,1
PDT,Eastern Oregon Regional At Pendleton Airport,45.695098877,-118.841003418,16.18,2
YFS,Fort Simpson Airport,61.76020050048828,-121.23699951171876,16.18,2
HAH,Prince Said Ibrahim International Airport,-11.5337,43.2719,16.18,2
CKH,Chokurdakh Airport,70.62310028076172,147.90199279785156,16.18,2
YCY,Clyde River Airport,70.4860992432,-68.5167007446,16.18,2
CPE,Ingeniero Alberto Acuña Ongay International Airport,19.816799163800003,-90.5002975464,16.18,1
MXZ,Meixian Airport,24.350000381469727,116.13300323486328,16.18,1
SDU,Santos Dumont Airport,-22.910499572799996,-43.1631011963,16.18,1
TDX,Trat Airport,12.274600029,102.319000244,16.19,1
MBI,Songwe Airport,-8.919942,33.273981,16.19,2
UTN,Pierre Van Ryneveld Airport,-28.39909935,21.2602005005,16.19,1
TOY,Toyama Airport,36.64830017089844,137.18800354003906,16.2,1
CWB,Afonso Pena Airport,-25.5284996033,-49.1758003235,16.2,1
YBP,Yibin Caiba Airport,28.8005555556,104.545,16.21,1
NAY,Beijing Nanyuan Airport,39.78279876708984,116.38800048828124,16.21,1
PRI,Praslin Airport,-4.3192901611328125,55.69139862060547,16.22,2
MRD,Alberto Carnevalli Airport,8.582078,-71.161041,16.22,2
INH,Inhambane Airport,-23.876399993896484,35.40850067138672,16.23,1
ELS,Ben Schoeman Airport,-33.0355987549,27.8258991241,16.23,1
YUX,Hall Beach Airport,68.77610015869999,-81.2425,16.24,2
JOI,Lauro Carneiro de Loyola Airport,-26.22450065612793,-48.797401428222656,16.24,1
VEL,Vernal Regional Airport,40.4408989,-109.5100021,16.25,2
BEL,Val de Cans/Júlio Cezar Ribeiro International Airport,-1.3792500495900002,-48.4762992859,16.25,2
SDJ,Sendai Airport,38.1397018433,140.917007446,16.25,1
KIJ,Niigata Airport,37.9558982849,139.121002197,16.25,1
ULO,Ulaangom Airport,50.066588,91.938273,16.26,2
HAC,Hachijojima Airport,33.1150016785,139.785995483,16.26,1
JJN,Quanzhou Jinjiang International Airport,24.7964,118.589996,16.26,1
UIO,Mariscal Sucre International Airport,-0.129166666667,-78.3575,16.26,1
LTO,Loreto International Airport,25.989200592041016,-111.3479995727539,16.27,1
IOS,Bahia - Jorge Amado Airport,-14.815999984741,-39.033199310303,16.27,2
SJP,Prof. Eribelto Manoel Reino State Airport,-20.816600799599996,-49.40650177,16.28,1
HVD,Khovd Airport,47.9541015625,91.6281967163086,16.28,2
VIG,Juan Pablo Pérez Alfonso Airport,8.624139,-71.672668,16.28,2
PYH,Cacique Aramare Airport,5.6199898719788,-67.606101989746,16.28,2
PIH,Pocatello Regional Airport,42.9098014831543,-112.59600067138672,16.28,2
HON,Huron Regional Airport,44.38520050048828,-98.22850036621094,16.29,2
UBA,Mário de Almeida Franco Airport,-19.764722824097,-47.966110229492,16.3,1
NVT,Ministro Victor Konder International Airport,-26.879999,-48.651402,16.31,1
GCN,Grand Canyon National Park Airport,35.95240020751953,-112.14700317382812,16.31,2
YGT,Igloolik Airport,69.3647003174,-81.8161010742,16.31,2
NTQ,Noto Airport,37.2930984497,136.962005615,16.31,1
REP,Siem Reap International Airport,13.410699844400002,103.81300354,16.32,1
GAJ,Yamagata Airport,38.411899566699994,140.371002197,16.32,1
TSA,Taipei Songshan Airport,25.069400787353516,121.552001953125,16.32,1
MUB,Maun Airport,-19.97260093688965,23.43110084533691,16.33,1
YFA,Fort Albany Airport,52.20140075683594,-81.6968994140625,16.33,3
TWF,Joslin Field Magic Valley Regional Airport,42.4818,-114.487999,16.33,2
VNX,Vilankulo Airport,-22.018400192260746,35.31330108642578,16.34,1
LDB,Governador José Richa Airport,-23.333599090599996,-51.1301002502,16.35,1
PLU,Pampulha - Carlos Drummond de Andrade Airport,-19.85120010375977,-43.95059967041016,16.35,1
PDS,Piedras Negras International Airport,28.627399,-100.535004,16.35,1
CNY,Canyonlands Field,38.75500107,-109.7549973,16.35,2
ARU,Araçatuba Airport,-21.1413002014,-50.4247016907,16.35,1
CUL,Bachigualato Federal International Airport,24.7644996643,-107.474998474,16.37,1
SYO,Shonai Airport,38.81219863889999,139.787002563,16.37,1
KKC,Khon Kaen Airport,16.466600418099997,102.783996582,16.37,1
STD,Mayor Buenaventura Vivas International Airport,7.56538,-72.035103,16.38,2
LFR,La Fria Airport,8.239167213439941,-72.27102661132812,16.38,2
EKO,Elko Regional Airport,40.82490158081055,-115.79199981689452,16.38,2
IXA,Agartala Airport,23.8869991302,91.2404022217,16.39,2
HKT,Phuket International Airport,8.1132,98.316902,16.39,1
LEC,Coronel Horácio de Mattos Airport,-12.4822998047,-41.2770004272,16.39,2
YWJ,Déline Airport,65.21109771728516,-123.43599700927734,16.39,2
DAD,Da Nang International Airport,16.043899536132812,108.1989974975586,16.4,1
FLN,Hercílio Luz International Airport,-27.670278549194336,-48.5525016784668,16.4,1
PLZ,Port Elizabeth Airport,-33.9849014282,25.6173000336,16.41,1
THS,Sukhothai Airport,17.238000869750977,99.81819915771484,16.41,1
IXS,Silchar Airport,24.9129009247,92.9786987305,16.41,2
ITM,Osaka International Airport,34.785499572753906,135.43800354003906,16.42,1
UDI,Ten. Cel. Aviador César Bombonato Airport,-18.883612,-48.225277,16.42,1
SVZ,San Antonio Del Tachira Airport,7.840829849243164,-72.439697265625,16.43,2
VDC,Vitória da Conquista Airport,-14.8627996445,-40.8630981445,16.43,2
CNM,Cavern City Air Terminal,32.337501525878906,-104.26300048828124,16.43,2
ULG,Ulgii Mongolei Airport,48.9933013916,89.9225006104,16.43,2
CDC,Cedar City Regional Airport,37.70100021362305,-113.0989990234375,16.43,2
ZSE,Pierrefonds Airport,-21.320899963378903,55.42499923706055,16.43,1
VFA,Victoria Falls International Airport,-18.09589958190918,25.839000701904297,16.43,1
OKA,Naha Airport,26.1958007812,127.646003723,16.43,1
SPR,San Pedro Airport,17.9139,-87.9711,16.44,2
RMQ,Taichung Ching Chuang Kang Airport,24.26469993591309,120.62100219726562,16.45,1
UKB,Kobe Airport,34.6328010559082,135.2239990234375,16.45,1
MGF,Regional de Maringá - Sílvio Nane Junior Airport,-23.479444503799996,-52.01222229,16.46,1
HZH,Liping Airport,26.32217,109.1499,16.46,1
LCE,Goloson International Airport,15.7425,-86.852997,16.46,2
ANC,Ted Stevens Anchorage International Airport,61.17440032958984,-149.99600219726562,16.46,1
GRJ,George Airport,-34.0056,22.378902,16.46,1
YCO,Kugluktuk Airport,67.816704,-115.143997,16.47,2
RJH,Shah Mokhdum Airport,24.43720054626465,88.61650085449219,16.47,2
CTM,Chetumal International Airport,18.50469970703125,-88.32679748535156,16.48,1
PAV,Paulo Afonso Airport,-9.4008798599243,-38.250598907471,16.48,2
USM,Samui Airport,9.547789573669998,100.06199646,16.48,1
UTH,Udon Thani Airport,17.386400222800003,102.788002014,16.48,1
AXT,Akita Airport,39.6156005859375,140.218994140625,16.48,1
IQN,Qingyang Airport,35.799702,107.602997,16.49,2
SHM,Nanki Shirahama Airport,33.6622009277,135.363998413,16.49,1
BPS,Porto Seguro Airport,-16.438601,-39.080898,16.49,2
BBK,Kasane Airport,-17.83289909362793,25.162399291992188,16.49,1
UBP,Ubon Ratchathani Airport,15.2512998581,104.870002747,16.5,1
BEW,Beira Airport,-19.79640007019043,34.90760040283203,16.5,1
IPN,Usiminas Airport,-19.470699310303,-42.487598419189,16.51,1
AJL,Lengpui Airport,23.840599060099997,92.6196975708,16.51,2
IMF,Imphal Airport,24.7600002289,93.896697998,16.52,2
HJJ,Zhijiang Airport,27.4411111111,109.7,16.52,1
PNH,Phnom Penh International Airport,11.546600341796877,104.84400177001952,16.53,1
LLB,Libo Airport,25.4525,107.961667,16.53,1
TKS,Tokushima Airport/JMSDF Air Base,34.132801,134.606995,16.54,1
VTE,Wattay International Airport,17.988300323500003,102.56300354,16.55,1
TTJ,Tottori Airport,35.5301017761,134.167007446,16.55,1
LPT,Lampang Airport,18.27090072631836,99.50420379638672,16.56,1
YRT,Rankin Inlet Airport,62.8114013672,-92.1157989502,16.56,2
ONJ,Odate Noshiro Airport,40.1918983459,140.371002197,16.56,1
URT,Surat Thani Airport,9.13259983063,99.135597229,16.57,1
ZVK,Savannakhet Airport,16.55660057067871,104.76000213623048,16.57,1
PBZ,Plettenberg Bay Airport,-34.0881601675,23.3287234306,16.57,1
YVQ,Norman Wells Airport,65.28160095214844,-126.7979965209961,16.57,2
KHH,Kaohsiung International Airport,22.57710075378418,120.3499984741211,16.59,1
VVI,Viru Viru International Airport,-17.6448,-63.135399,16.59,1
FRS,Mundo Maya International Airport,16.913799285899998,-89.86640167239999,16.59,2
AOJ,Aomori Airport,40.73469924926758,140.6909942626953,16.6,1
AEB,Baise Youjiang Airport,23.7206001282,106.959999084,16.61,1
LMM,Valle del Fuerte International Airport,25.6851997375,-109.081001282,16.61,1
SHL,Shillong Airport,25.70359992980957,91.97869873046876,16.61,2
FAI,Fairbanks International Airport,64.81510162,-147.8560028,16.63,1
YHD,Dryden Regional Airport,49.831699,-92.744202,16.64,3
CNX,Chiang Mai International Airport,18.766799926799997,98.962600708,16.64,1
CYX,Cherskiy Airport,68.7406005859375,161.33799743652344,16.65,2
LAP,Manuel Márquez de León International Airport,24.0727005005,-110.361999512,16.65,1
MSJ,Misawa Air Base,40.703201293899994,141.367996216,16.65,1
GYN,Santa Genoveva Airport,-16.631999969482422,-49.220699310302734,16.65,1
HJR,Khajuraho Airport,24.817199707,79.91860198970001,16.66,2
CAC,Cascavel Airport,-25.0002994537,-53.5008010864,16.67,1
KCZ,Kōchi Ryōma Airport,33.546101,133.669006,16.67,1
AKV,Akulivik Airport,60.818599700927734,-78.14859771728516,16.67,3
LAZ,Bom Jesus da Lapa Airport,-13.2621002197,-43.4081001282,16.68,2
IZO,Izumo Airport,35.4136009216,132.88999939,16.7,1
GYE,José Joaquín de Olmedo International Airport,-2.1574199199699997,-79.88359832760001,16.7,1
BTM,Bert Mooney Airport,45.95479965209961,-112.49700164794922,16.7,2
SGN,Tan Son Nhat International Airport,10.8187999725,106.652000427,16.71,1
KBV,Krabi Airport,8.09912014008,98.9861984253,16.71,1
YQC,Quaqtaq Airport,61.0463981628418,-69.6177978515625,16.71,3
YNY,Yangyang International Airport,38.061298,128.669006,16.72,1
SHP,Shanhaiguan Airport,39.968102,119.731003,16.73,1
MNS,Mansa Airport,-11.13700008392334,28.87260055541992,16.73,2
PFB,Lauro Kurtz Airport,-28.243999,-52.326599,16.74,1
VVC,Vanguardia Airport,4.16787,-73.6138,16.74,2
CTS,New Chitose Airport,42.77519989013672,141.69200134277344,16.75,1
YAB,Old Arctic Bay Airport,73.0058922479,-85.0325489044,16.77,2
YLH,Lansdowne House Airport,52.19559860229492,-87.93419647216797,16.77,3
CXR,Cam Ranh Airport,11.99820041656494,109.21900177001952,16.77,1
TNN,Tainan Airport,22.95039939880371,120.20600128173828,16.78,1
CEI,Chiang Rai International Airport,19.952299118,99.8828964233,16.78,1
IBE,Perales Airport,4.42161,-75.1333,16.78,2
LPQ,Luang Phabang International Airport,19.897300720214844,102.16100311279295,16.78,1
YAC,Cat Lake Airport,51.72719955444336,-91.82440185546876,16.78,3
YCB,Cambridge Bay Airport,69.1081008911,-105.138000488,16.79,2
HKD,Hakodate Airport,41.7700004578,140.822006226,16.79,1
IWK,Iwakuni Marine Corps Air Station,34.143902,132.235992,16.8,1
DMU,Dimapur Airport,25.8838996887,93.7711029053,16.8,2
IGU,Cataratas International Airport,-25.600278854370117,-54.48500061035156,16.81,1
AVA,Anshun Huangguoshu Airport,26.2605555556,105.873333333,16.81,1
CEN,Ciudad Obregón International Airport,27.39259910583496,-109.83300018310548,16.82,1
WVB,Walvis Bay Airport,-22.9799,14.6453,16.83,2
MZL,La Nubia Airport,5.0296,-75.4647,16.83,2
TET,Chingozi Airport,-16.104799270629883,33.640201568603516,16.83,1
IWJ,Iwami Airport,34.676399231,131.789993286,16.83,1
POA,Salgado Filho Airport,-29.994400024414062,-51.1713981628418,16.83,1
NOS,Fascene Airport,-13.3121004105,48.3148002625,16.84,2
HDY,Hat Yai International Airport,6.93320989609,100.392997742,16.84,1
CPV,Presidente João Suassuna Airport,-7.26992,-35.8964,16.84,2
AGX,Agatti Airport,10.823699951171877,72.1760025024414,16.84,2
MJN,Amborovy Airport,-15.6668417421,46.351232528699995,16.84,2
AGT,Guarani International Airport,-25.454516,-54.842682,16.85,1
DOU,Dourados Airport,-22.2019,-54.926601,16.85,1
YOG,Ogoki Post Airport,51.6585998535,-85.9017028809,16.86,3
RRG,Sir Charles Gaetan Duval Airport,-19.7577,63.361,16.86,1
PEI,Matecaña International Airport,4.81267,-75.7395,16.86,2
JNZ,Jinzhou Airport,41.10139846801758,121.06199645996094,16.86,1
LCK,Rickenbacker International Airport,39.813801,-82.927803,16.86,2
AXM,El Eden Airport,4.45278,-75.7664,16.87,2
ACX,Xingyi Airport,25.0863888889,104.959444444,16.88,1
CGR,Campo Grande Airport,-20.4687004089,-54.6725006104,16.88,1
EYP,El Yopal Airport,5.31911,-72.384,16.9,2
BRA,Barreiras Airport,-12.078900337219238,-45.00899887084961,16.9,2
BFJ,Bijie Feixiong Airport,27.267066,105.472097,16.92,1
NYT,Naypyidaw Airport,19.623501,96.200996,16.92,1
EOH,Enrique Olaya Herrera Airport,6.220549,-75.590582,16.93,2
NVA,Benito Salas Airport,2.95015,-75.294,16.93,2
KKJ,Kitakyūshū Airport,33.8459014893,131.035003662,16.94,1
HAQ,Hanimaadhoo Airport,6.744229793548584,73.17050170898438,16.94,2
ZRJ,Round Lake (Weagamow Lake) Airport,52.943599700927734,-91.31279754638672,16.95,3
GXH,Gannan Xiahe Airport,34.8105,102.6447,16.95,2
MTM,Metlakatla Seaplane Base,55.131001,-131.578003,16.96,2
LIM,Jorge Chávez International Airport,-12.0219,-77.114305,16.96,1
EJA,Yariguíes Airport,7.02433,-73.8068,16.96,2
DIE,Arrachart Airport,-12.34939956665039,49.29169845581055,16.97,2
OBO,Tokachi-Obihiro Airport,42.7332992554,143.216995239,16.98,1
DMK,Don Mueang International Airport,13.9125995636,100.607002258,16.98,1
CJS,Abraham González International Airport,31.63610076904297,-106.4290008544922,16.98,1
ZSJ,Sandy Lake Airport,53.06420135498047,-93.34439849853516,16.99,3
KIF,Kingfisher Lake Airport,53.01250076293945,-89.85530090332031,17.0,3
BLV,Scott AFB/Midamerica Airport,38.5452,-89.835197,17.0,2
SJE,Jorge E. Gonzalez Torres Airport,2.57969,-72.6394,17.0,2
BGA,Palonegro Airport,7.1265,-73.1848,17.0,2
SVI,Eduardo Falla Solano Airport,2.15217,-74.7663,17.0,2
WNN,Wunnumin Lake Airport,52.89390182495117,-89.28919982910156,17.01,3
UIB,El Caraño Airport,5.69076,-76.6412,17.01,2
HYG,Hydaburg Seaplane Base,55.206298828125,-132.8280029296875,17.02,2
MSA,Muskrat Dam Airport,53.44139862060547,-91.76280212402344,17.02,3
VXC,Lichinga Airport,-13.274,35.2663,17.03,2
KLW,Klawock Airport,55.579200744599994,-133.076004028,17.04,2
TME,Gustavo Vargas Airport,6.45108,-71.7603,17.05,2
BUN,Gerardo Tobar López Airport,3.81963,-76.9898,17.05,2
KUH,Kushiro Airport,43.041000366199995,144.192993164,17.06,1
PEN,Penang International Airport,5.297140121459961,100.2770004272461,17.06,1
AKJ,Asahikawa Airport,43.670799255371094,142.44700622558594,17.08,1
ZPB,Sachigo Lake Airport,53.8911018371582,-92.19640350341795,17.08,3
RVE,Los Colonizadores Airport,6.951868,-71.857179,17.08,2
YHK,Gjoa Haven Airport,68.635597229,-95.8497009277,17.08,2
TRR,China Bay Airport,8.5385103225708,81.18190002441406,17.09,2
WRG,Wrangell Airport,56.48429871,-132.3699951,17.09,2
XBE,Bearskin Lake Airport,53.965599060058594,-91.0271987915039,17.1,3
YTL,Big Trout Lake Airport,53.81779861450195,-89.89689636230469,17.1,3
PPN,Guillermo León Valencia Airport,2.4544,-76.6093,17.1,2
LUD,Luderitz Airport,-26.687400817871097,15.242899894714355,17.11,2
XKS,Kasabonika Airport,53.52470016479492,-88.6427993774414,17.11,3
FLA,Gustavo Artunduaga Paredes Airport,1.58919,-75.5644,17.11,2
YAX,Wapekeka Airport,53.84920120239258,-89.57939910888672,17.11,3
BTC,Batticaloa Airport,7.70576,81.678802,17.12,2
ADZ,Gustavo Rojas Pinilla International Airport,12.5836,-81.7112,17.13,2
ZAT,Zhaotong Airport,27.325599670410156,103.75499725341795,17.13,2
GMA,Gemena Airport,3.2353699207299997,19.771299362199997,17.14,3
CUC,Camilo Daza International Airport,7.92757,-72.5115,17.14,2
XQP,Quepos Managua Airport,9.443160057067873,-84.12979888916016,17.15,2
SHB,Nakashibetsu Airport,43.5774993896,144.960006714,17.16,1
MMB,Memanbetsu Airport,43.8805999756,144.164001465,17.16,1
FON,Arenal Airport,10.478,-84.634499,17.17,2
JIC,Jinchuan Airport,38.5422222222,102.348333333,17.17,2
ASU,Silvio Pettirossi International Airport,-25.239999771118164,-57.52000045776367,17.17,1
PEU,Puerto Lempira Airport,15.2622,-83.781197,17.18,2
MDL,Mandalay International Airport,21.70219993591309,95.97789764404295,17.18,1
TTQ,Aerotortuguero Airport,10.42,-83.6095,17.18,2
MAO,Eduardo Gomes International Airport,-3.0386099815368652,-60.04970169067383,17.18,2
YPM,Pikangikum Airport,51.819698333740234,-93.97329711914062,17.19,3
MBE,Monbetsu Airport,44.303901672399995,143.404006958,17.19,1
TMU,Tambor Airport,9.73852,-85.013802,17.19,2
APO,Antonio Roldan Betancourt Airport,7.81196,-76.7164,17.2,2
YPL,Pickle Lake Airport,51.4463996887207,-90.21420288085938,17.2,3
AUC,Santiago Perez Airport,7.06888,-70.7369,17.21,2
YYH,Taloyoak Airport,69.5466995239,-93.5766983032,17.24,2
PMZ,Palmar Sur Airport,8.951029777526855,-83.46859741210938,17.25,2
MTR,Los Garzones Airport,8.82374,-75.8258,17.25,2
SYQ,Tobias Bolanos International Airport,9.957050323486328,-84.13980102539062,17.25,2
VGZ,Villa Garzón Airport,0.978767,-76.6056,17.26,2
NYK,Nanyuki Airport,-0.06239889934659,37.04100799560547,17.26,3
DRK,Drake Bay Airport,8.71889019012,-83.6417007446,17.27,2
PSO,Antonio Narino Airport,1.39625,-77.2915,17.27,2
NOB,Nosara Airport,9.97649002075,-85.65299987790002,17.27,2
ASV,Amboseli Airport,-2.645050048828125,37.25310134887695,17.28,3
CRK,Diosdado Macapagal International Airport,15.186,120.559998,17.28,1
SIT,Sitka Rocky Gutierrez Airport,57.04710006713867,-135.36199951171875,17.29,2
WKJ,Wakkanai Airport,45.4042015076,141.800994873,17.3,1
CZU,Las Brujas Airport,9.33274,-75.2856,17.3,2
YVZ,Deer Lake Airport,52.655799865722656,-94.0614013671875,17.3,3
MFU,Mfuwe Airport,-13.258899688720703,31.936599731445312,17.3,2
PUU,Tres De Mayo Airport,0.505228,-76.5008,17.3,2
GLF,Golfito Airport,8.654009819030762,-83.18219757080078,17.31,2
PJM,Puerto Jimenez Airport,8.533329963684082,-83.30000305175781,17.31,2
YZY,Zhangye Ganzhou Airport,38.8018989563,100.675003052,17.34,2
RFD,Chicago Rockford International Airport,42.19540023803711,-89.09719848632812,17.34,1
MRE,Mara Serena Lodge Airstrip,-1.406111,35.008057,17.34,3
BOC,Bocas Del Toro International Airport,9.340849876403809,-82.25080108642578,17.36,2
IPI,San Luis Airport,0.861925,-77.6718,17.36,2
MVP,Fabio Alberto Leon Bentley Airport,1.25366,-70.2339,17.36,2
CIP,Chipata Airport,-13.558300018310549,32.58720016479492,17.36,2
UAS,Buffalo Spring,0.530583,37.534195,17.36,3
DAV,Enrique Malek International Airport,8.390999794006348,-82.43499755859375,17.41,2
CGB,Marechal Rondon Airport,-15.6528997421,-56.1166992188,17.41,1
KUA,Kuantan Airport,3.7753899097442623,103.20899963378906,17.43,1
VUP,Alfonso López Pumarejo Airport,10.435,-73.2495,17.44,2
IZA,Zona da Mata Regional Airport,-21.5130558014,-43.1730575562,17.44,2
YER,Fort Severn Airport,56.01890182495117,-87.67610168457031,17.45,3
ASJ,Amami Airport,28.430599212646484,129.71299743652344,17.45,1
HNH,Hoonah Airport,58.0961,-135.410111,17.46,2
GST,Gustavus Airport,58.4253006,-135.7070007,17.47,2
SYM,Pu'er Simao Airport,22.793301,100.959,17.49,2
JHB,Senai International Airport,1.64131,103.669998,17.49,1
LNJ,Lintsang Airfield,23.7381000519,100.025001526,17.5,2
KTL,Kitale Airport,0.9719889760017396,34.95859909057617,17.5,3
SNW,Thandwe Airport,18.4606990814209,94.30010223388672,17.5,2
PKU,Sultan Syarif Kasim Ii (Simpang Tiga) Airport,0.4607860147953033,101.44499969482422,17.5,1
AGN,Angoon Seaplane Base,57.503601,-134.585007,17.5,2
PDA,Obando Airport,3.85353,-67.9062,17.51,2
TMM,Toamasina Airport,-18.10950088500977,49.39250183105469,17.52,2
HNS,Haines Airport,59.24380111694336,-135.5240020751953,17.53,2
SMR,Simón Bolívar International Airport,11.1196,-74.2306,17.53,2
SLX,Salt Cay Airport,21.3330001831,-71.1999969482,17.53,3
ZTB,Tête-à-la-Baleine Airport,50.67440032958984,-59.38359832763672,17.55,5
SGY,Skagway Airport,59.46009826660156,-135.3159942626953,17.55,2
KAA,Kasama Airport,-10.216699600219728,31.13330078125,17.55,2
BSD,Baoshan Yunduan Airport,25.053301,99.168297,17.56,2
MOC,Mário Ribeiro Airport,-16.706899642899998,-43.818901062,17.57,2
PCR,German Olano Airport,6.18472,-67.4932,17.58,2
NGK,Nogliki Airport,51.780102,143.139008,17.58,2
TGG,Sultan Mahmud Airport,5.3826398849487305,103.10299682617188,17.59,1
RCH,Almirante Padilla Airport,11.5262,-72.926,17.6,2
HLA,Lanseria Airport,-25.938499450699997,27.9260997772,17.6,1
PSM,Portsmouth International at Pease Airport,43.0778999329,-70.8233032227,17.62,2
KWJ,Gwangju Airport,35.123173,126.805444,17.62,2
JGN,Jiayuguan Airport,39.856899,98.3414,17.63,2
PSG,Petersburg James A Johnson Airport,56.80170059,-132.9450073,17.63,2
SMS,Sainte Marie Airport,-17.093900680541992,49.815799713134766,17.64,2
UKA,Ukunda Airstrip,-4.29333,39.571098,17.65,3
KPO,Pohang Airport (G-815/K-3),35.987955,129.420383,17.65,2
TVY,Dawei Airport,14.103899955749512,98.20359802246094,17.65,2
HIN,Sacheon Air Base/Airport,35.088591,128.071747,17.65,2
KBR,Sultan Ismail Petra Airport,6.1668500900268555,102.29299926757812,17.66,1
KYP,Kyaukpyu Airport,19.42639923095703,93.53479766845705,17.66,2
RSU,Yeosu Airport,34.84230041503906,127.61699676513672,17.67,2
WUZ,Wuzhou Changzhoudao Airport,23.456699,111.248001,17.68,2
USN,Ulsan Airport,35.59349823,129.352005005,17.68,2
SJI,San Jose Airport,12.361499786399998,121.04699707,17.68,1
AOR,Sultan Abdul Halim Airport,6.189670085906982,100.39800262451172,17.69,1
EKS,Shakhtyorsk Airport,49.1903,142.082993,17.69,2
PDG,Minangkabau International Airport,-0.786917,100.280998,17.71,1
MVD,Carrasco International /General C L Berisso Airport,-34.838402,-56.0308,17.71,1
WNP,Naga Airport,13.58489990234375,123.2699966430664,17.71,1
HEH,Heho Airport,20.746999740600582,96.79199981689452,17.71,2
MOQ,Morondava Airport,-20.28470039367676,44.31760025024414,17.71,2
UPN,Licenciado y General Ignacio Lopez Rayon Airport,19.396699905395508,-102.03900146484376,17.73,1
CYZ,Cauayan Airport,16.9298992157,121.752998352,17.73,1
IBR,Hyakuri Airport,36.181098938,140.414993286,17.73,1
USU,Francisco B. Reyes Airport,12.1215000153,120.099998474,17.73,1
LGK,Langkawi International Airport,6.329730033874512,99.72869873046876,17.75,1
PMW,Brigadeiro Lysias Rodrigues Airport,-10.2915000916,-48.35699844359999,17.75,2
MPH,Godofredo P. Ramos Airport,11.9245,121.954002,17.76,1
LDS,Lindu Airport,47.7520555556,129.019125,17.77,2
MXL,General Rodolfo Sánchez Taboada International Airport,32.6306,-115.241997,17.77,1
YAK,Yakutat Airport,59.5032997131,-139.660003662,17.78,2
NYU,Bagan Airport,21.178800582885746,94.9301986694336,17.78,2
BKY,Bukavu Kavumu Airport,-2.3089799880981445,28.808799743652344,17.79,3
LGP,Legazpi City International Airport,13.1575,123.735,17.79,1
AKY,Sittwe Airport,20.132699966430664,92.87259674072266,17.79,2
WMN,Maroantsetra Airport,-15.436699867248535,49.68830108642578,17.8,2
LLF,Lingling Airport,26.338661,111.610043,17.8,2
KLO,Kalibo International Airport,11.679400444,122.375999451,17.81,1
VII,Vinh Airport,18.7376003265,105.67099762,17.82,2
TUG,Tuguegarao Airport,17.6433676823,121.733150482,17.82,1
VRC,Virac Airport,13.57639980316162,124.20600128173828,17.83,1
YVM,Qikiqtarjuaq Airport,67.5457992554,-64.03140258789999,17.83,3
MBT,Moises R. Espinosa Airport,12.369682,123.630095,17.84,1
DIN,Dien Bien Phu Airport,21.3974990845,103.008003235,17.84,2
YIE,Arxan Yi'ershi Airport,47.3106,119.9117,17.84,2
RXS,Roxas Airport,11.597700119018556,122.7519989013672,17.85,1
JGD,Jiagedaqi Airport,50.371389,124.1175,17.85,2
GOQ,Golmud Airport,36.4006,94.786102,17.85,2
AEP,Jorge Newbery Airpark,-34.5592,-58.4156,17.86,1
CAJ,Canaima Airport,6.231988906860352,-62.85443115234375,17.87,3
DEE,Mendeleyevo Airport,43.9584007263,145.682998657,17.87,2
IKI,Iki Airport,33.7490005493,129.785003662,17.87,2
TSJ,Tsushima Airport,34.2849006653,129.330993652,17.87,2
THL,Tachileik Airport,20.483800888061523,99.9354019165039,17.87,2
FUJ,Fukue Airport,32.66630172729492,128.83299255371094,17.88,2
KUV,Kunsan Air Base,35.90380096435547,126.61599731445312,17.89,2
LAO,Laoag International Airport,18.1781005859375,120.53199768066406,17.89,1
ANM,Antsirabato Airport,-14.99940013885498,50.3202018737793,17.9,2
ILO,Iloilo International Airport,10.833017,122.493358,17.92,1
LTI,Altai Airport,46.37639999389648,96.22109985351562,17.92,3
LKG,Lokichoggio Airport,4.20412015914917,34.348201751708984,17.92,3
TIJ,General Abelardo L. Rodríguez International Airport,32.541099548339844,-116.97000122070312,17.92,1
YUS,Yushu Batang Airport,32.836388888900004,97.0363888889,17.93,2
ROS,Islas Malvinas Airport,-32.9036,-60.785,17.93,1
CRM,Catarman National Airport,12.502400398254396,124.63600158691406,17.94,1
SZB,Sultan Abdul Aziz Shah International Airport,3.130579948425293,101.54900360107422,17.94,1
CYP,Calbayog Airport,12.072699546813965,124.54499816894533,17.96,1
BCD,Bacolod-Silay Airport,10.7764,123.014999,17.96,1
ENH,Enshi Airport,30.3202991486,109.48500061,17.96,2
SVB,Sambava Airport,-14.278599739074709,50.17470169067383,17.97,2
AQA,Araraquara Airport,-21.812000274699997,-48.1329994202,17.98,2
LET,Alfredo Vásquez Cobo International Airport,-4.19355,-69.9432,18.0,2
VDH,Dong Hoi Airport,17.515,106.590556,18.0,2
HEK,Heihe Airport,50.1716209371,127.308883667,18.01,2
JTC,Bauru - Arealva Airport,-22.1668591409,-49.0502866745,18.04,2
TLE,Toliara Airport,-23.383399963378903,43.72850036621094,18.05,2
GOM,Goma International Airport,-1.670809984207153,29.238500595092773,18.06,3
PLM,Sultan Mahmud Badaruddin II Airport,-2.8982501029968,104.69999694824,18.06,1
OGD,Ogden Hinckley Airport,41.195899963379,-112.0120010376,18.08,2
GPI,Juan Casiano Airport,2.57013,-77.8986,18.08,2
CEB,Mactan Cebu International Airport,10.307499885559,123.97899627686,18.09,1
TAC,Daniel Z. Romualdez Airport,11.228035,125.027761,18.09,1
PPS,Puerto Princesa Airport,9.742119789123535,118.75900268554688,18.11,1
FTU,Tôlanaro Airport,-25.03809928894043,46.95610046386719,18.12,2
WJU,Wonju/Hoengseong Air Base (K-38/K-46),37.441201,127.963858,18.12,2
IPH,Sultan Azlan Shah Airport,4.567969799041748,101.09200286865234,18.12,1
BTJ,Sultan Iskandar Muda International Airport,5.522872024010001,95.42063713070002,18.13,1
SNV,Santa Elena de Uairen Airport,4.554999828338623,-61.150001525878906,18.14,3
MII,Frank Miloye Milenkowichi–Marília State Airport,-22.1968994141,-49.926399231,18.14,2
OPS,Presidente João Batista Figueiredo Airport,-11.885000228881836,-55.58610916137695,18.15,2
YZS,Coral Harbour Airport,64.1932983398,-83.3593978882,18.15,3
RDN,LTS Pulau Redang Airport,5.765279769897461,103.00700378417967,18.15,1
TAG,Tagbilaran Airport,9.665442,123.853533,18.15,1
DGT,Sibulan Airport,9.3337097168,123.300003052,18.16,1
AUX,Araguaína Airport,-7.22787,-48.240501,18.18,2
BWN,Brunei International Airport,4.944200038909912,114.9280014038086,18.18,1
COR,Ingeniero Ambrosio Taravella Airport,-31.323601,-64.208,18.19,1
HUI,Phu Bai Airport,16.401500701899998,107.70300293,18.19,2
NGQ,Ngari Gunsa Airport,32.1,80.0530555556,18.19,3
MMY,Miyako Airport,24.782800674399997,125.294998169,18.2,1
BSO,Basco Airport,20.4513,121.980003,18.21,1
THU,Thule Air Base,76.5311965942,-68.7032012939,18.22,5
TCO,La Florida Airport,1.81442,-78.7492,18.23,2
BKI,Kota Kinabalu International Airport,5.9372100830078125,116.0510025024414,18.24,1
DPL,Dipolog Airport,8.60198349877,123.341875076,18.26,1
CAW,Bartolomeu Lisandro Airport,-21.698299408,-41.301700592,18.26,2
SUG,Surigao Airport,9.755838325629998,125.480947495,18.27,1
ZQZ,Zhangjiakou Ningyuan Airport,40.7386016846,114.930000305,18.28,2
IMP,Prefeito Renato Moreira Airport,-5.53129,-47.459999,18.3,3
YEK,Arviat Airport,61.0942001343,-94.0708007812,18.31,3
CGY,Laguindingan Airport,8.612203,124.456496,18.32,1
CFB,Cabo Frio Airport,-22.921699523900003,-42.074298858599995,18.32,2
PPB,Presidente Prudente Airport,-22.1751003265,-51.4245986938,18.33,2
ISG,New Ishigaki Airport,24.396389,124.245,18.33,1
OZC,Labo Airport,8.178509712219238,123.84200286865234,18.34,1
ZKE,Kashechewan Airport,52.282501220703125,-81.67780303955078,18.34,4
MYT,Myitkyina Airport,25.38360023498535,97.35189819335938,18.35,2
BXU,Bancasi Airport,8.9515,125.4788,18.36,1
PAG,Pagadian Airport,7.83073144787,123.461179733,18.36,1
VCL,Chu Lai International Airport,15.4033002853,108.706001282,18.37,2
MEA,Macaé Airport,-22.343000412,-41.7659988403,18.38,2
KCH,Kuching International Airport,1.4846999645233154,110.34700012207033,18.39,1
ESM,General Rivadeneira Airport,0.9785190224647522,-79.62660217285156,18.4,2
LCX,Longyan Guanzhishan Airport,25.6746997833,116.747001648,18.42,2
TUA,Teniente Coronel Luis a Mantilla Airport,0.8095059990882874,-77.70809936523438,18.42,2
HUN,Hualien Airport,24.023099899291992,121.61799621582033,18.43,2
CBB,Jorge Wilsterman International Airport,-17.421100616455078,-66.1771011352539,18.44,1
OHE,Gu-Lian Airport,52.912777777799995,122.43,18.44,2
ZAM,Zamboanga International Airport,6.922420024871826,122.05999755859376,18.44,1
MAB,João Correa da Rocha Airport,-5.36858987808,-49.138000488299994,18.44,2
OCC,Francisco De Orellana Airport,-0.4628860056400299,-76.98680114746094,18.45,2
CFC,Caçador Airport,-26.78840065,-50.9398002625,18.48,2
CBO,Awang Airport,7.1652398109436035,124.20999908447266,18.48,1
GPB,Tancredo Thomas de Faria Airport,-25.3875007629,-51.520198822,18.5,2
IQT,Coronel FAP Francisco Secada Vignetta International Airport,-3.7847399711608887,-73.30879974365234,18.51,2
UII,Utila Airport,16.1131,-86.880302,18.51,3
PXU,Pleiku Airport,14.00450038909912,108.01699829101562,18.52,2
CLV,Nelson Ribeiro Guimarães Airport,-17.725299835205,-48.607498168945,18.52,2
ZFN,Tulita Airport,64.909697,-125.572998,18.53,3
BVS,Breves Airport,-1.6365300416946411,-50.443599700927734,18.53,3
SJK,Professor Urbano Ernesto Stumpf Airport,-23.22920036315918,-45.86149978637695,18.53,2
UEO,Kumejima Airport,26.363500595092773,126.71399688720705,18.55,2
XMS,Coronel E Carvajal Airport,-2.2991700172424316,-78.12079620361328,18.56,2
UIH,Phu Cat Airport,13.955,109.042,18.57,2
CCM,Diomício Freitas Airport,-28.7244434357,-49.4213905334,18.58,2
DVO,Francisco Bangoy International Airport,7.1255202293396,125.64600372314452,18.58,1
ENA,Kenai Municipal Airport,60.57310104370117,-151.2449951171875,18.58,2
CGK,Soekarno-Hatta International Airport,-6.1255698204,106.65599823,18.58,1
JUZ,Quzhou Airport,28.965799,118.899002,18.59,2
NKM,Nagoya Airport,35.255001068115234,136.9239959716797,18.59,2
MEC,Eloy Alfaro International Airport,-0.9460780024528505,-80.67880249023438,18.6,2
SBW,Sibu Airport,2.2616000175476074,111.98500061035156,18.6,1
MZG,Makung Airport,23.568700790405273,119.62799835205078,18.6,2
GJA,La Laguna Airport,16.4454,-85.906601,18.62,3
MMJ,Matsumoto Airport,36.16680145263672,137.92300415039062,18.63,2
GVR,Coronel Altino Machado de Oliveira Airport,-18.89520072937,-41.982200622559,18.64,2
RVD,General Leite de Castro Airport,-17.8347225189209,-50.956111907958984,18.64,2
YXN,Whale Cove Airport,62.24000167849999,-92.5980987549,18.65,3
TTT,Taitung Airport,22.7549991607666,121.10199737548828,18.65,2
CUE,Mariscal Lamar Airport,-2.88947,-78.984398,18.65,2
MCP,Alberto Alcolumbre Airport,0.0506640002131,-51.0722007751,18.66,3
XAP,Serafin Enoss Bertaso Airport,-27.134199142456,-52.656600952148,18.67,2
PKZ,Pakse International Airport,15.132100105285645,105.78099822998048,18.67,2
GES,General Santos International Airport,6.05800008774,125.096000671,18.67,1
YCS,Chesterfield Inlet Airport,63.3469009399,-90.7311019897,18.68,3
YIO,Pond Inlet Airport,72.6832962036,-77.9666976929,18.69,3
HOM,Homer Airport,59.645599365234375,-151.4770050048828,18.7,2
BMV,Buon Ma Thuot Airport,12.668299675,108.120002747,18.7,2
TBB,Dong Tac Airport,13.0495996475,109.333999634,18.7,2
KOS,Sihanoukville International Airport,10.57970047,103.637001038,18.71,2
VDZ,Valdez Pioneer Field,61.13389969,-146.2480011,18.71,2
POJ,Patos de Minas Airport,-18.67280006408691,-46.4911994934082,18.72,2
KNH,Kinmen Airport,24.4279,118.359001,18.73,2
BDO,Husein Sastranegara International Airport,-6.900629997253418,107.57599639892578,18.74,1
BTU,Bintulu Airport,3.12385010719,113.019996643,18.74,1
AAX,Romeu Zema Airport,-19.563199996948,-46.960399627686,18.74,2
YGH,Fort Good Hope Airport,66.24079895019531,-128.6510009765625,18.74,3
PYY,Mae Hong Son Airport,19.3719997406,98.43699646,18.75,2
VPY,Chimoio Airport,-19.15130043029785,33.42900085449219,18.76,2
CXJ,Hugo Cantergiani Regional Airport,-29.197099685699996,-51.1875,18.76,2
XKH,Xieng Khouang Airport,19.450001,103.157997,18.76,2
OGG,Kahului Airport,20.8986,-156.429993,18.76,1
ETR,Santa Rosa International Airport,-3.441986,-79.996957,18.77,2
JCB,Santa Terezinha Airport,-27.1714000702,-51.5532989502,18.77,2
CDV,Merle K (Mudhole) Smith Airport,60.4917984,-145.4779968,18.78,2
HGN,Mae Hong Son Airport,19.301300048828125,97.97579956054688,18.79,2
MLY,Manley Hot Springs Airport,64.99759674069999,-150.643997192,18.8,2
LOH,Camilo Ponce Enriquez Airport,-3.99589,-79.371902,18.81,2
ERM,Erechim Airport,-27.66189956665039,-52.2682991027832,18.82,2
MEU,Monte Dourado Airport,-0.889839,-52.6022,18.83,3
HNL,Daniel K Inouye International Airport,21.32062,-157.924228,18.83,1
SCL,Comodoro Arturo Merino Benítez International Airport,-33.393001556396484,-70.78579711914062,18.83,1
DLI,Lien Khuong Airport,11.75,108.366997,18.83,2
ATM,Altamira Airport,-3.2539100646973,-52.254001617432,18.84,3
GNM,Guanambi Airport,-14.208200454711914,-42.74610137939453,18.84,3
CEM,Central Airport,65.57379913,-144.7830048,18.84,2
WBQ,Beaver Airport,66.362197876,-147.406997681,18.85,2
SPN,Saipan International Airport,15.119,145.729004,18.85,1
ILI,Iliamna Airport,59.75439835,-154.9109955,18.85,2
LIH,Lihue Airport,21.97599983215332,-159.33900451660156,18.87,1
UEL,Quelimane Airport,-17.855499267578125,36.86909866333008,18.87,2
KOA,Ellison Onizuka Kona International At Keahole Airport,19.738783,-156.045603,18.87,1
YBK,Baker Lake Airport,64.29889678960001,-96.077796936,18.88,3
NNT,Nan Airport,18.807899475097656,100.78299713134766,18.88,2
YWB,Kangiqsujuaq (Wakeham Bay) Airport,61.5886001587,-71.929397583,18.88,4
MYY,Miri Airport,4.322010040283203,113.98699951171876,18.89,1
YIK,Ivujivik Airport,62.41730117797851,-77.92530059814453,18.89,4
YHI,Ulukhaktok Holman Airport,70.76280212402344,-117.80599975585938,18.9,3
MCG,McGrath Airport,62.95289993,-155.6060028,18.9,2
LPB,El Alto International Airport,-16.5132999420166,-68.19229888916016,18.9,1
FYU,Fort Yukon Airport,66.57150268554688,-145.25,18.92,2
ODY,Oudomsay Airport,20.68269920349121,101.99400329589844,18.93,2
LMA,Minchumina Airport,63.886002,-152.302002,18.93,2
SRE,Juana Azurduy De Padilla Airport,-19.007099151611328,-65.2886962890625,18.93,2
UTP,U-Tapao International Airport,12.67990016937256,101.00499725341795,18.93,2
CKS,Carajás Airport,-6.11527776718,-50.0013885498,18.94,3
LTX,Cotopaxi International Airport,-0.906833,-78.615799,18.94,2
VKG,Rach Gia Airport,9.95802997234,105.132379532,18.95,2
HOE,Ban Huoeisay Airport,20.2572994232,100.43699646,18.96,2
ADQ,Kodiak Airport,57.75,-152.4940033,18.97,2
PHS,Phitsanulok Airport,16.782899856567383,100.27899932861328,18.97,2
SRG,Achmad Yani Airport,-6.97273,110.375,18.97,1
CIK,Chalkyitsik Airport,66.6449966431,-143.740005493,18.98,2
LXG,Luang Namtha Airport,20.966999,101.400002,18.98,2
BYO,Bonito Airport,-21.247299,-56.452499,18.99,2
BTT,Bettles Airport,66.91390228,-151.529007,18.99,2
AET,Allakaket Airport,66.5518035889,-152.621994019,18.99,2
VCS,Co Ong Airport,8.73183,106.633003,19.0,2
CAH,Cà Mau Airport,9.177667,105.177778,19.01,2
VCA,Can Tho International Airport,10.085100174,105.711997986,19.02,2
GUM,Antonio B. Won Pat International Airport,13.4834003448,144.796005249,19.02,1
PQC,Phu Quoc International Airport,10.1698,103.9931,19.02,2
KEW,Keewaywin Airport,52.991100311299995,-92.8364028931,19.03,4
AKN,King Salmon Airport,58.67679977,-156.6490021,19.04,2
MDZ,El Plumerillo Airport,-32.8316993713,-68.7929000854,19.05,1
SOC,Adi Sumarmo Wiryokusumo Airport,-7.516089916229248,110.75700378417967,19.06,1
JOG,Adi Sutjipto International Airport,-7.788179874420166,110.43199920654295,19.07,1
SUR,Summer Beaver Airport,52.70859909057617,-88.54190063476562,19.07,4
FKS,Fukushima Airport,37.22740173339844,140.43099975585938,19.07,2
RBY,Ruby Airport,64.72720337,-155.4700012,19.08,2
LBU,Labuan Airport,5.300680160522461,115.25,19.08,1
HPH,Cat Bi International Airport,20.819400787353516,106.7249984741211,19.08,2
ANI,Aniak Airport,61.581600189208984,-159.54299926757812,19.1,2
PET,João Simões Lopes Neto International Airport,-31.718399,-52.327702,19.11,2
DLG,Dillingham Airport,59.04470062,-158.5050049,19.12,2
YEV,Inuvik Mike Zubko Airport,68.30419921880001,-133.483001709,19.13,3
STM,Maestro Wilson Fonseca Airport,-2.424721956253052,-54.785831451416016,19.14,3
RIA,Santa Maria Airport,-29.711399,-53.688202,19.14,2
AKP,Anaktuvuk Pass Airport,68.13359833,-151.7429962,19.14,2
HNA,Hanamaki Airport,39.4286003112793,141.13499450683594,19.14,2
GAL,Edward G. Pitka Sr Airport,64.73619843,-156.9369965,19.17,2
TJA,Capitan Oriel Lea Plaza Airport,-21.5557003021,-64.7013015747,19.17,2
NQU,Reyes Murillo Airport,5.6964,-77.2806,19.17,3
BSC,José Celestino Mutis Airport,6.20292,-77.3947,19.18,3
YUT,Repulse Bay Airport,66.5214004517,-86.22470092770001,19.18,3
IGR,Cataratas Del Iguazú International Airport,-25.737301,-54.4734,19.19,1
JAU,Francisco Carle Airport,-11.7831001282,-75.47339630130001,19.19,2
REL,Almirante Marco Andres Zar Airport,-43.2105,-65.2703,19.21,1
YRB,Resolute Bay Airport,74.7169036865,-94.9693984985,19.22,3
YHP,Poplar Hill Airport,52.1133,-94.2556,19.23,4
SUB,Juanda International Airport,-7.37982988357544,112.78700256347656,19.24,1
PVA,El Embrujo Airport,13.3569,-81.3583,19.24,3
UNK,Unalakleet Airport,63.88840103,-160.798996,19.24,2
BET,Bethel Airport,60.77980042,-161.8379974,19.26,2
HUU,Alferez Fap David Figueroa Fernandini Airport,-9.878809928894045,-76.20480346679688,19.28,2
ROR,Babelthuap Airport,7.36731,134.544236,19.29,1
YNO,North Spirit Lake Airport,52.4900016784668,-92.97109985351562,19.31,4
CMG,Corumbá International Airport,-19.0119438171,-57.6713905334,19.32,2
SRA,Santa Rosa Airport,-27.9067,-54.520401,19.33,2
ATA,Comandante FAP German Arias Graziani Airport,-9.347439765930176,-77.59839630126953,19.34,2
KSM,St Mary's Airport,62.0605011,-163.302002,19.34,2
BPN,Sultan Aji Muhamad Sulaiman Airport,-1.26827001572,116.893997192,19.34,1
PVH,Governador Jorge Teixeira de Oliveira Airport,-8.70928955078125,-63.90230178833008,19.35,2
SCC,Deadhorse Airport,70.19470215,-148.4649963,19.38,2
BFV,Buri Ram Airport,15.229499816894531,103.25299835205078,19.38,2
AYP,Coronel FAP Alfredo Mendivil Duarte Airport,-13.154800415039062,-74.20439910888672,19.39,2
TGI,Tingo Maria Airport,-9.133000373840332,-75.94999694824219,19.39,2
OMD,Oranjemund Airport,-28.5847,16.446699,19.41,3
TWU,Tawau Airport,4.320159912109375,118.12799835205078,19.45,1
MAQ,Mae Sot Airport,16.699899673461914,98.54509735107422,19.46,2
CJM,Chumphon Airport,10.711199760437012,99.36170196533205,19.46,2
BRC,San Carlos De Bariloche Airport,-41.151199,-71.157501,19.47,1
SDK,Sandakan Airport,5.900899887084961,118.05899810791016,19.47,1
LOE,Loei Airport,17.43910026550293,101.72200012207033,19.49,2
ACR,Araracuara Airport,-0.5833,-72.4083,19.5,3
ROI,Roi Et Airport,16.11680030822754,103.77400207519533,19.5,2
ANS,Andahuaylas Airport,-13.70639991760254,-73.35040283203125,19.52,2
OME,Nome Airport,64.51219940185547,-165.44500732421875,19.54,2
OTZ,Ralph Wien Memorial Airport,66.88469696,-162.598999,19.56,2
LQM,Caucaya Airport,-0.182278,-74.7708,19.56,3
PRH,Phrae Airport,18.132200241088867,100.16500091552734,19.57,2
TRU,Capitan FAP Carlos Martinez De Pinillos International Airport,-8.08141040802002,-79.10880279541016,19.57,2
SDP,Sand Point Airport,55.314998626708984,-160.5229949951172,19.57,2
PCL,Cap FAP David Abenzur Rengifo International Airport,-8.37794017791748,-74.57430267333984,19.57,2
DPS,Ngurah Rai (Bali) International Airport,-8.7481698989868,115.16699981689,19.58,1
IQQ,Diego Aracena Airport,-20.535200119018555,-70.1812973022461,19.59,2
UNN,Ranong Airport,9.777620315551758,98.58550262451172,19.62,2
SNO,Sakon Nakhon Airport,17.195100784301758,104.11900329589844,19.63,2
ROO,Maestro Marinho Franco Airport,-16.586,-54.7248,19.63,2
CIZ,Coari Airport,-4.134059906005859,-63.132598876953125,19.64,3
PIN,Parintins Airport,-2.6730198860168457,-56.777198791503906,19.64,3
CJA,Mayor General FAP Armando Revoredo Iglesias Airport,-7.1391801834106445,-78.4894027709961,19.66,2
BAZ,Barcelos Airport,-0.981292,-62.919601,19.67,3
CUZ,Alejandro Velasco Astete International Airport,-13.535699844400002,-71.9387969971,19.69,2
CDB,Cold Bay Airport,55.20610046386719,-162.72500610351562,19.7,2
KOP,Nakhon Phanom Airport,17.383800506591797,104.64299774169922,19.7,2
LOP,Lombok International Airport,-8.757322,116.276675,19.72,1
PAC,Marcos A. Gelabert International Airport,8.973340034484863,-79.55560302734375,19.73,3
NST,Nakhon Si Thammarat Airport,8.539620399475098,99.9447021484375,19.73,2
TPP,Cadete FAP Guillermo Del Castillo Paredes Airport,-6.508739948272705,-76.37319946289062,19.73,2
CIX,Capitan FAP Jose A Quinones Gonzales International Airport,-6.787479877471924,-79.8281021118164,19.78,2
ITO,Hilo International Airport,19.721399307250977,-155.04800415039062,19.78,1
RBR,Plácido de Castro Airport,-9.868888854980469,-67.89805603027344,19.79,2
WMR,Mananara Nord Airport,-16.16390037536621,49.773799896240234,19.8,3
TFF,Tefé Airport,-3.38294005394,-64.7240982056,19.83,3
UPG,Hasanuddin International Airport,-5.061629772186279,119.5540008544922,19.85,1
TST,Trang Airport,7.508739948272705,99.6166000366211,19.88,2
BTH,Hang Nadim International Airport,1.12102997303,104.119003296,19.88,2
MGZ,Myeik Airport,12.439800262451172,98.62149810791016,19.89,3
BRW,Wiley Post Will Rogers Memorial Airport,71.285402,-156.766008,19.91,2
AQP,Rodríguez Ballón International Airport,-16.3411006927,-71.5830993652,19.91,2
SNP,St Paul Island Airport,57.16730117797851,-170.22000122070312,19.99,2
KET,Kengtung Airport,21.301599502563477,99.63600158691406,19.99,3
STG,St George Airport,56.5783004761,-169.662002563,20.0,2
BVB,Atlas Brasil Cantanhede Airport,2.84138894081,-60.6922225952,20.0,3
JUL,Inca Manco Capac International Airport,-15.467100143432615,-70.158203125,20.01,2
NAW,Narathiwat Airport,6.5199198722839355,101.74299621582033,20.02,2
PIU,Capitán FAP Guillermo Concha Iberico International Airport,-5.20574998856,-80.61640167239999,20.02,2
PEM,Padre Aldamiz International Airport,-12.6135997772,-69.2285995483,20.03,2
SCY,San Cristóbal Airport,-0.910206,-89.617401,20.05,2
BVH,Brigadeiro Camarão Airport,-12.694399833679,-60.098300933838,20.08,2
GPS,Seymour Airport,-0.4537580013275146,-90.26589965820312,20.15,2
TCQ,Coronel FAP Carlos Ciriani Santa Rosa International Airport,-18.0533008575,-70.2758026123,20.2,2
AFL,Piloto Osvaldo Marques Dias Airport,-9.8663892746,-56.1049995422,20.21,2
TBP,Capitan FAP Pedro Canga Rodriguez Airport,-3.55253005027771,-80.38140106201172,20.22,2
PDP,Capitan Corbeta CA Curbelo International Airport,-34.855098724365234,-55.09429931640625,20.24,2
CGM,Camiguin Airport,9.253520011901855,124.70700073242188,20.26,2
KTE,Kerteh Airport,4.537220001220703,103.427001953125,20.27,2
KOO,Kongolo Airport,-5.39444,26.99,20.28,4
PGK,Pangkal Pinang (Depati Amir) Airport,-2.16219997406,106.138999939,20.29,2
MZV,Mulu Airport,4.048329830169678,114.80500030517578,20.31,2
PRA,General Urquiza Airport,-31.7948,-60.4804,20.31,2
OAL,Cacoal Airport,-11.496,-61.4508,20.33,2
MDQ,Ástor Piazzola International Airport,-37.9342,-57.5733,20.34,2
SFN,Sauce Viejo Airport,-31.7117,-60.8117,20.34,2
IAO,Siargao Airport,9.8591,126.014,20.37,2
FTE,El Calafate Airport,-50.2803,-72.053101,20.37,1
BNC,Beni Airport,0.575,29.4739,20.37,4
TKG,Radin Inten II (Branti) Airport,-5.240556,105.175556,20.39,2
LPD,La Pedrera Airport,-1.32861,-69.5797,20.4,3
KUD,Kudat Airport,6.922500133514404,116.83599853515624,20.41,2
LWY,Lawas Airport,4.84917,115.407997,20.42,2
MDC,Sam Ratulangi Airport,1.5492600202560425,124.9260025024414,20.42,1
JPR,Ji-Paraná Airport,-10.8708000183,-61.8465003967,20.42,2
YAT,Attawapiskat Airport,52.9275016784668,-82.43190002441406,20.45,5
FUO,Foshan Shadi Airport,23.083299636799996,113.069999695,20.55,2
TBT,Tabatinga Airport,-4.2556700706482,-69.93579864502,20.56,3
BHI,Comandante Espora Airport,-38.725,-62.1693,20.57,2
LDU,Lahad Datu Airport,5.032249927520752,118.3239974975586,20.58,2
RSA,Santa Rosa Airport,-36.588299,-64.275703,20.58,2
PBU,Putao Airport,27.32990074157715,97.42630004882812,20.62,3
JOL,Jolo Airport,6.0536699295043945,121.01100158691406,20.63,2
PNK,Supadio Airport,-0.1507109999656677,109.40399932861328,20.65,2
TUR,Tucuruí Airport,-3.7860100269318,-49.72029876709,20.67,3
MKM,Mukah Airport,2.90639,112.080002,20.7,2
TNW,Jumandy Airport,-1.059722,-77.583333,20.75,3
USH,Malvinas Argentinas Airport,-54.8433,-68.2958,20.76,1
OIA,Ourilândia do Norte Airport,-6.763100147250001,-51.0499000549,20.77,3
ANF,Andrés Sabella Gálvez International Airport,-23.444501,-70.445099,20.77,2
LUQ,Brigadier Mayor D Cesar Raul Ojeda Airport,-33.2732009888,-66.3563995361,20.79,2
DIL,Presidente Nicolau Lobato International Airport,-8.54640007019,125.526000977,20.79,1
HNM,Hana Airport,20.79560089111328,-156.01400756835938,20.82,2
RDC,Redenção Airport,-8.033289909362793,-49.97990036010742,20.83,3
LNY,Lanai Airport,20.785600662231445,-156.9510040283203,20.83,2
TDD,Teniente Av. Jorge Henrich Arauz Airport,-14.8186998367,-64.9179992676,20.83,2
ADK,Adak Airport,51.87799835205078,-176.64599609375,20.84,2
RES,Resistencia International Airport,-27.45,-59.0561,20.85,2
MKK,Molokai Airport,21.15290069580078,-157.0959930419922,20.86,2
VDM,Gobernador Castello Airport,-40.8692,-63.0004,20.87,2
IRC,Circle City /New/ Airport,65.830498,-144.076008,20.89,3
PSS,Libertador Gral D Jose De San Martin Airport,-27.3858,-55.9707,20.89,2
MUE,Waimea Kohala Airport,20.001300811767575,-155.66799926757812,20.92,2
MUR,Marudi Airport,4.178979873657227,114.3290023803711,20.94,2
NIB,Nikolai Airport,63.0186,-154.358002,20.98,3
ROP,Rota International Airport,14.17430019378662,145.2429962158203,20.99,2
JHM,Kapalua Airport,20.962900161743164,-156.67300415039062,21.0,2
AFA,Suboficial Ay Santiago Germano Airport,-34.588299,-68.4039,21.0,2
VEE,Venetie Airport,67.0086975098,-146.365997314,21.0,3
FMA,Formosa Airport,-26.2127,-58.2281,21.02,2
SDE,Vicecomodoro Angel D. La Paz Aragonés Airport,-27.765556335399996,-64.3099975586,21.03,2
YZG,Salluit Airport,62.17940139770508,-75.66719818115234,21.04,5
ODN,Long Seridan Airport,3.9670000076293945,115.0500030517578,21.04,2
LMN,Limbang Airport,4.808300018310547,115.01000213623048,21.04,2
CTC,Catamarca Airport,-28.5956001282,-65.751701355,21.05,2
WSN,South Naknek Nr 2 Airport,58.7033996582,-157.007995605,21.06,3
LKH,Long Akah Airport,3.299999952316284,114.78299713134766,21.07,2
TJQ,Buluh Tumbang (H A S Hanandjoeddin) Airport,-2.74571990967,107.754997253,21.07,2
IRJ,Capitan V A Almonacid Airport,-29.3815994263,-66.7957992554,21.08,2
KLN,Larsen Bay Airport,57.5350990295,-153.977996826,21.08,3
LGL,Long Lellang Airport,3.4210000038099997,115.153999329,21.09,2
UAQ,Domingo Faustino Sarmiento Airport,-31.571501,-68.418198,21.09,2
SLA,Martin Miguel De Guemes International Airport,-24.856000900299996,-65.4861984253,21.09,2
NQN,Presidente Peron Airport,-38.949001,-68.155701,21.1,2
RHD,Termas de Río Hondo international Airport,-27.4966,-64.93595,21.11,2
HUS,Hughes Airport,66.04109955,-154.2630005,21.11,3
BBN,Bario Airport,3.7338900566101074,115.47899627685548,21.11,2
CHU,Chuathbaluk Airport,61.579102,-159.216003,21.12,3
AKK,Akhiok Airport,56.9387016296,-154.182998657,21.14,3
KLG,Kalskag Airport,61.53630065917969,-160.34100341796875,21.15,3
JUJ,Gobernador Horacio Guzman International Airport,-24.392799,-65.097801,21.15,2
HCR,Holy Cross Airport,62.18830108642578,-159.77499389648438,21.18,3
TUC,Teniente Benjamin Matienzo Airport,-26.8409,-65.104897,21.19,2
PIP,Pilot Point Airport,57.5803985596,-157.572006226,21.2,3
PMY,El Tehuelche Airport,-42.7592,-65.1027,21.2,2
RBQ,Rurenabaque Airport,-14.4279003143,-67.4968032837,21.21,2
RSH,Russian Mission Airport,61.7788848877,-161.319458008,21.22,3
NUL,Nulato Airport,64.729301,-158.074005,21.23,3
SHX,Shageluk Airport,62.6922988892,-159.569000244,21.25,3
BKS,Fatmawati Soekarno Airport,-3.8637,102.338997,21.25,2
YSY,Sachs Harbour (David Nasogaluak Jr. Saaryuaq) Airport,71.9938964844,-125.242996216,21.27,4
ZFM,Fort Mcpherson Airport,67.40750122070312,-134.86099243164062,21.27,4
WNA,Napakiak Airport,60.69029998779297,-161.97900390625,21.27,3
ARI,Chacalluta Airport,-18.348499,-70.338699,21.28,2
KWT,Kwethluk Airport,60.790298461899994,-161.444000244,21.28,3
YUB,Tuktoyaktuk Airport,69.43329620361328,-133.0260009765625,21.28,4
KAL,Kaltag Airport,64.31909943,-158.7409973,21.29,3
ORX,Oriximiná Airport,-1.714079976081848,-55.83620071411133,21.29,4
HSL,Huslia Airport,65.69789886,-156.3509979,21.3,3
KUK,Kasigluk Airport,60.87440109,-162.5240021,21.3,3
LSC,La Florida Airport,-29.916201,-71.199501,21.31,2
BYC,Yacuiba Airport,-21.960899353027344,-63.65169906616211,21.31,3
SKK,Shaktoolik Airport,64.37110138,-161.223999,21.32,3
DJB,Sultan Thaha Airport,-1.6380200386047363,103.6439971923828,21.33,2
EEK,Eek Airport,60.21367264,-162.0438843,21.34,3
DRW,Darwin International Airport,-12.41469955444336,130.8769989013672,21.34,1
SMK,St Michael Airport,63.49010086,-162.1100006,21.34,3
GEL,Santo Ângelo Airport,-28.2817,-54.169102,21.34,3
CCP,Carriel Sur Airport,-36.772701,-73.063103,21.36,2
MOU,Mountain Village Airport,62.095401763916016,-163.6820068359375,21.37,3
CIJ,Capitán Aníbal Arab Airport,-11.040399551400002,-68.7829971313,21.39,2
KKH,Kongiganak Airport,59.960800170899994,-162.880996704,21.39,3
TMT,Trombetas Airport,-1.489599943161,-56.396800994873,21.39,4
KWN,Quinhagak Airport,59.7551,-161.845,21.4,3
MLL,Marshall Don Hunter Sr Airport,61.8642997742,-162.026000977,21.41,3
KWK,Kwigillingok Airport,59.876499,-163.169005,21.41,3
BTI,Barter Island LRRS Airport,70.1340026855,-143.582000732,21.41,3
PKN,Iskandar Airport,-2.70519995689,111.672996521,21.42,2
POI,Capitan Nicolas Rojas Airport,-19.5431003571,-65.72370147710001,21.43,2
ITB,Itaituba Airport,-4.2423400878906,-56.000701904297,21.44,4
CYF,Chefornak Airport,60.1492004395,-164.285995483,21.44,3
KPN,Kipnuk Airport,59.932998657199995,-164.031005859,21.45,3
MLG,Abdul Rachman Saleh Airport,-7.926559925079999,112.714996338,21.45,2
CPC,Aviador C. Campos Airport,-40.075401,-71.137299,21.45,2
NME,Nightmute Airport,60.471000671387,-164.70100402832,21.46,3
UYU,Uyuni Airport,-20.446300506599997,-66.8483963013,21.47,2
KOT,Kotlik Airport,63.0306015015,-163.533004761,21.48,3
OOK,Toksook Bay Airport,60.54140091,-165.0870056,21.48,3
NUI,Nuiqsut Airport,70.2099990845,-151.005996704,21.49,3
VAK,Chevak Airport,61.5409,-165.6005,21.53,3
URG,Rubem Berta Airport,-29.7821998596,-57.0382003784,21.54,3
HPB,Hooper Bay Airport,61.52389908,-166.1470032,21.56,3
EMK,Emmonak Airport,62.78609848,-164.4909973,21.58,3
SRZ,El Trompillo Airport,-17.8115997314,-63.1715011597,21.59,2
TNJ,Raja Haji Fisabilillah International Airport,0.922683000565,104.531997681,21.6,2
TRK,Juwata Airport,3.326667,117.569444,21.61,2
YPC,Paulatuk (Nora Aliqatchialuk Ruben) Airport,69.3608381154,-124.075469971,21.62,4
CRD,General E. Mosconi Airport,-45.7853,-67.4655,21.62,2
ZCO,La Araucanía Airport,-38.9259,-72.6515,21.62,2
ORV,Robert (Bob) Curtis Memorial Airport,66.81790161,-161.0189972,21.64,3
TLA,Teller Airport,65.2404022217,-166.339004517,21.65,3
EQS,Brigadier Antonio Parodi Airport,-42.908000946,-71.139503479,21.65,2
WTK,Noatak Airport,67.56610107421875,-162.97500610351562,21.65,3
WMO,White Mountain Airport,64.689201355,-163.412994385,21.66,3
KTS,Brevig Mission Airport,65.3312988281,-166.466003418,21.66,3
DRG,Deering Airport,66.0696029663,-162.76600647,21.67,3
IAN,Bob Baker Memorial Airport,66.9759979248,-160.43699646,21.67,3
CPO,Desierto de Atacama Airport,-27.2611999512,-70.7791976929,21.68,2
GLV,Golovin Airport,64.5504989624,-163.007003784,21.68,3
YGZ,Grise Fiord Airport,76.4261016846,-82.90920257570001,21.69,4
WLK,Selawik Airport,66.60009766,-159.9859924,21.7,3
BKC,Buckland Airport,65.9815979004,-161.149002075,21.7,3
KVL,Kivalina Airport,67.73619842529297,-164.56300354003906,21.71,3
PKY,Tjilik Riwut Airport,-2.22513008118,113.943000793,21.72,2
ELI,Elim Airport,64.61470032,-162.2720032,21.73,3
KVC,King Cove Airport,55.11629867553711,-162.26600646972656,21.74,3
TNC,Tin City Long Range Radar Station Airport,65.56310272,-167.9219971,21.74,3
BDJ,Syamsudin Noor Airport,-3.4423599243164062,114.76300048828124,21.75,2
WAA,Wales Airport,65.622593,-168.095,21.75,3
PLW,Mutiara Airport,-0.9185420274734496,119.91000366210938,21.76,2
KFP,False Pass Airport,54.8474006652832,-163.41000366210938,21.77,3
SHH,Shishmaref Airport,66.249604,-166.089112,21.78,3
KKA,Koyuk Alfred Adams Airport,64.9394989014,-161.154006958,21.8,3
ABL,Ambler Airport,67.1063,-157.856989,21.81,3
BEJ,Kalimarau Airport,2.1555,117.431999,21.82,2
SHG,Shungnak Airport,66.88809967041,-157.16200256348,21.85,3
ZOS,Cañal Bajo Carlos - Hott Siebert Airport,-40.61119842529297,-73.06099700927734,21.86,2
YAP,Yap International Airport,9.49891,138.082993,21.86,2
SVA,Savoonga Airport,63.6864013671875,-170.4929962158203,21.86,3
NLG,Nelson Lagoon Airport,56.007499694824,-161.16000366211,21.86,3
GAM,Gambell Airport,63.76679992675781,-171.73300170898438,21.93,3
PMC,El Tepual Airport,-41.43889999389648,-73.09400177001953,21.97,2
ATK,Atqasuk Edward Burnell Sr Memorial Airport,70.46730041503906,-157.43600463867188,22.02,3
PUE,Puerto Obaldia Airport,8.667,-77.418,22.03,4
PER,Perth International Airport,-31.94029998779297,115.96700286865234,22.04,1
BMU,Muhammad Salahuddin Airport,-8.5396499633789,118.68699645996,22.05,2
AIN,Wainwright Airport,70.6380004883,-159.994995117,22.08,3
CHX,Cap Manuel Niño International Airport,9.458962,-82.515062,22.14,4
TMC,Tambolaka Airport,-9.40972,119.244003,22.14,2
KAW,Kawthoung Airport,10.04930019378662,98.53800201416016,22.22,4
LBJ,Komodo Airport,-8.48666,119.889,22.23,2
POM,Port Moresby Jacksons International Airport,-9.44338035583496,147.22000122070312,22.23,1
IRZ,Tapuruquara Airport,-0.3786,-64.9923,22.25,4
PIZ,Point Lay LRRS Airport,69.73290253,-163.0050049,22.27,3
KDI,Wolter Monginsidi Airport,-4.081610202789307,122.41799926757812,22.27,2
BUW,Betoambari Airport,-5.486879825592041,122.56900024414062,22.27,2
TKK,Chuuk International Airport,7.461870193481445,151.84300231933594,22.29,2
WGP,Umbu Mehang Kunda Airport,-9.66922,120.302002,22.29,2
CJC,El Loa Airport,-22.498199462890625,-68.90360260009766,22.35,2
PSJ,Kasiguncu Airport,-1.41674995422,120.657997131,22.37,2
SJL,São Gabriel da Cachoeira Airport,-0.14835,-66.9855,22.38,4
OLC,Senadora Eunice Micheles Airport,-3.46792950765,-68.9204120636,22.41,4
RGL,Piloto Civil N. Fernández Airport,-51.6089,-69.3126,22.46,2
CZS,Cruzeiro do Sul Airport,-7.59990978241,-72.7695007324,22.53,3
BKM,Bakalalan Airport,3.973999977111816,115.61799621582033,22.54,3
BUX,Bunia Airport,1.5657199621200562,30.220800399780273,22.54,5
MOF,Maumere(Wai Oti) Airport,-8.64064979553,122.236999512,22.55,2
LUW,Syukuran Aminuddin Amir Airport,-1.03892,122.772003,22.56,2
BBA,Balmaceda Airport,-45.91609954833984,-71.68949890136719,22.56,2
NTX,Ranai Airport,3.90871,108.388,22.58,3
FMI,Kalemie Airport,-5.8755598068237305,29.25,22.6,5
RGA,Hermes Quijada International Airport,-53.7777,-67.7494,22.67,2
ERN,Eirunepé Airport,-6.639530181884766,-69.87979888916016,22.67,4
NAH,Naha Airport,3.6832098960876465,125.52799987792967,22.72,2
GTO,Jalaluddin Airport,0.63711899519,122.849998474,22.73,2
KOE,El Tari Airport,-10.171600341796877,123.6709976196289,22.75,2
TTE,Sultan Khairun Babullah Airport,0.831413984298706,127.38099670410156,22.77,2
YPO,Peawanuck Airport,54.98809814453125,-85.44329833984375,22.82,6
KAZ,Kao Airport,1.1852799654006958,127.89600372314452,22.83,2
MNA,Melangguane Airport,4.00694,126.672997,22.83,2
CNS,Cairns International Airport,-16.885799408,145.755004883,22.89,1
KTG,Ketapang(Rahadi Usman) Airport,-1.816640019416809,109.96299743652344,22.89,3
CDJ,Conceição do Araguaia Airport,-8.348349571228027,-49.30149841308594,22.93,4
AMQ,"Pattimura Airport, Ambon",-3.7102599144,128.089004517,23.04,2
PPT,Faa'a International Airport,-17.553699,-149.606995,23.1,1
KYK,Karluk Airport,57.5671005249,-154.449996948,23.12,4
EGX,Egegik Airport,58.1855010986,-157.375,23.14,4
ARC,Arctic Village Airport,68.1147,-145.578995,23.16,4
ANV,Anvik Airport,62.646702,-160.190994,23.25,4
PHE,Port Hedland International Airport,-20.3777999878,118.625999451,23.25,2
KYU,Koyukuk Airport,64.8760986328,-157.727005005,23.26,4
PKA,Napaskiak Airport,60.70289993,-161.7779999,23.29,4
SOQ,Dominique Edward Osok Airport,-0.894,131.287,23.36,2
RIB,Capitán Av. Selin Zeitun Lopez Airport,-11.0,-66.0,23.38,3
GYA,Capitán de Av. Emilio Beltrán Airport,-10.820599556,-65.3455963135,23.39,3
CXI,Cassidy International Airport,1.9861600399017336,-157.35000610351562,23.5,2
TOG,Togiak Airport,59.05279922485352,-160.39700317382812,23.54,4
PUQ,Pdte. Carlos Ibañez del Campo Airport,-53.002602,-70.854599,23.54,2
MYU,Mekoryuk Airport,60.37139892578125,-166.27099609375,23.56,4
SCM,Scammon Bay Airport,61.845298767100005,-165.570999146,23.57,4
AUK,Alakanuk Airport,62.680042266799994,-164.659927368,23.6,4
ZAL,Pichoy Airport,-39.6500015259,-73.0860977173,23.76,3
MNG,Maningrida Airport,-12.0560998917,134.23399353,23.79,2
OBU,Kobuk Airport,66.9123001099,-156.897003174,23.87,4
KNX,Kununurra Airport,-15.7781000137,128.707992554,23.89,2
MKW,Rendani Airport,-0.8918330073356628,134.0489959716797,23.93,2
ORU,Juan Mendoza Airport,-17.962600708,-67.0762023926,24.1,3
MHC,Mocopulli Airport,-42.340388,-73.715693,24.11,3
GTE,Groote Eylandt Airport,-13.9750003815,136.460006714,24.12,2
GOV,Gove Airport,-12.269399642899998,136.817993164,24.14,2
BIK,Frans Kaisiepo Airport,-1.190019965171814,136.10800170898438,24.19,2
MCV,McArthur River Mine Airport,-16.4424991608,136.083999634,24.23,2
TIM,Moses Kilangin Airport,-4.528279781341553,136.88699340820312,24.24,2
ADL,Adelaide International Airport,-34.945,138.531006,24.24,1
RAR,Rarotonga International Airport,-21.2026996613,-159.805999756,24.25,1
BQB,Busselton Regional Airport,-33.6884231567,115.401596069,24.29,2
PNP,Girua Airport,-8.80453968048,148.309005737,24.4,2
ENE,Ende (H Hasan Aroeboesman) Airport,-8.8492898941,121.661003113,24.47,3
GET,Geraldton Airport,-28.796101,114.707001,24.5,2
ALH,Albany Airport,-34.94329833984375,117.80899810791016,24.5,2
BUL,Bulolo Airport,-7.216286671410001,146.649541855,24.55,2
NOU,La Tontouta International Airport,-22.01460075378418,166.21299743652344,24.59,1
RVT,Ravensthorpe Airport,-33.7971992493,120.208000183,24.59,2
BNE,Brisbane International Airport,-27.384199142456055,153.11700439453125,24.6,1
LAE,Nadzab Airport,-6.569803,146.725977,24.63,2
GUR,Gurney Airport,-10.3114995956,150.333999634,24.67,2
KGI,Kalgoorlie Boulder Airport,-30.789400100699996,121.461997986,24.71,2
BME,Broome International Airport,-17.944700241088867,122.23200225830078,24.72,2
GKA,Goroka Airport,-6.081689834590001,145.391998291,24.76,2
DJJ,Sentani International Airport,-2.5769500733,140.5160064698,24.76,2
EPR,Esperance Airport,-33.684399,121.822998,24.76,2
DAU,Daru Airport,-9.08675956726,143.207992554,24.78,2
CMU,Chimbu Airport,-6.024290084838867,144.9709930419922,24.79,2
MAG,Madang Airport,-5.20707988739,145.789001465,24.85,2
HGU,Mount Hagen Kagamuga Airport,-5.826789855957031,144.29600524902344,24.87,2
MDU,Mendi Airport,-6.14774,143.656998,24.9,2
OOL,Gold Coast Airport,-28.1644001007,153.505004883,24.92,1
MXH,Moro Airport,-6.36332988739,143.238006592,24.92,2
WBM,Wapenamanda Airport,-5.6433000564575195,143.89500427246094,24.93,2
HKN,Kimbe Airport,-5.462170124053955,150.40499877929688,24.93,2
IRP,Matari Airport,2.8276100158691406,27.588300704956055,24.95,6
ISA,Mount Isa Airport,-20.663900375399997,139.488998413,24.95,2
ASP,Alice Springs Airport,-23.806699752807617,133.90199279785156,24.96,2
TIZ,Tari Airport,-5.84499979019,142.947998047,25.0,2
MEL,Melbourne International Airport,-37.673302,144.843002,25.01,1
NAN,Nadi International Airport,-17.755399703979492,177.4429931640625,25.12,1
CMP,Santana do Araguaia Airport,-9.31997013092041,-50.32849884033203,25.12,5
MOZ,Moorea Airport,-17.49,-149.761993,25.12,2
SYD,Sydney Kingsford Smith International Airport,-33.94609832763672,151.177001953125,25.16,1
UNG,Kiunga Airport,-6.1257100105285645,141.28199768066406,25.16,2
PNI,Pohnpei International Airport,6.985099792480469,158.20899963378906,25.17,3
WWK,Wewak International Airport,-3.58383011818,143.669006348,25.18,2
RAB,Tokua Airport,-4.34045982361,152.380004883,25.23,2
TBG,Tabubil Airport,-5.27861,141.225998,25.23,2
TSV,Townsville Airport,-19.252500534057617,146.76499938964844,25.24,2
MAS,Momote Airport,-2.06189,147.423996,25.25,2
PBO,Paraburdoo Airport,-23.1711006165,117.745002747,25.27,2
KVG,Kavieng Airport,-2.57940006256,150.807998657,25.3,2
ZNE,Newman Airport,-23.4178009033,119.803001404,25.31,2
HUH,Huahine-Fare Airport,-16.68720054626465,-151.02200317382812,25.32,2
RFP,Raiatea Airport,-16.7229,-151.466003,25.37,2
MPN,Mount Pleasant Airport,-51.82279968261719,-58.44720077514648,25.39,3
MAJ,Marshall Islands International Airport,7.064760208129883,171.27200317382812,25.39,2
BUA,Buka Airport,-5.4223198890686035,154.67300415039062,25.39,2
LEA,Learmonth Airport,-22.235599517799997,114.088996887,25.4,2
BOB,Bora Bora Airport,-16.444400787353516,-151.75100708007812,25.42,2
CUQ,Coen Airport,-13.761133,143.113311,25.45,2
KWM,Kowanyama Airport,-15.485600471496582,141.75100708007812,25.45,2
VAI,Vanimo Airport,-2.6926,141.3028,25.47,2
MAU,Maupiti Airport,-16.42650032043457,-152.24400329589844,25.48,2
TIH,Tikehau Airport,-15.119600296020508,-148.2310028076172,25.49,2
MVT,Mataiva Airport,-14.8681001663208,-148.7169952392578,25.49,2
IPC,Mataveri Airport,-27.1648006439,-109.42199707,25.49,2
EDR,Pormpuraaw Airport,-14.896451,141.60908,25.5,2
NTN,Normanton Airport,-17.68409,141.069664,25.52,2
HTI,Hamilton Island Airport,-20.3581008911,148.95199585,25.53,2
IRG,Lockhart River Airport,-12.7869,143.304993,25.54,2
RGI,Rangiroa Airport,-14.954299926757812,-147.66099548339844,25.54,2
KTA,Karratha Airport,-20.712200164799995,116.773002625,25.59,2
AXR,Arutua Airport,-15.248299598693848,-146.61700439453125,25.61,2
AUU,Aurukun Airport,-13.354067,141.72065,25.61,2
FKQ,Fakfak Airport,-2.9201900959014893,132.26699829101562,25.63,3
WEI,Weipa Airport,-12.6786003113,141.925003052,25.66,2
FAV,Fakarava Airport,-16.054100036621094,-145.65699768066406,25.66,2
AHE,Ahe Airport,-14.428099632263184,-146.2570037841797,25.72,2
BXB,Babo Airport,-2.5322399139404297,133.43899536132812,25.73,3
LUV,Dumatumbun Airport,-5.661620140075684,132.7310028076172,25.73,3
XMH,Manihi Airport,-14.436800003051758,-146.07000732421875,25.74,2
SXK,Saumlaki/Olilit Airport,-7.9886097908,131.305999756,25.78,3
RUR,Rurutu Airport,-22.434099197387695,-151.36099243164062,25.81,2
ABM,Northern Peninsula Airport,-10.9508,142.459,25.82,2
TKX,Takaroa Airport,-14.45580005645752,-145.02499389648438,25.85,2
HID,Horn Island Airport,-10.586400032,142.289993286,25.88,2
MGT,Milingimbi Airport,-12.0944004059,134.893997192,25.88,3
TUB,Tubuai Airport,-23.365400314331055,-149.5240020751953,25.91,2
RMT,Rimatara Airport,-22.63725,-152.8059,25.92,2
ELC,Elcho Island Airport,-12.019399642899998,135.570999146,25.98,3
HIR,Honiara International Airport,-9.4280004501343,160.05499267578,25.98,2
RVV,Raivavae Airport,-23.8852005005,-147.662002563,26.01,2
APW,Faleolo International Airport,-13.829999923706056,-172.00799560546875,26.05,2
PPG,Pago Pago International Airport,-14.3310003281,-170.710006714,26.05,2
NBX,Nabire Airport,-3.36818,135.496002,26.06,3
HOI,Hao Airport,-18.074800491333008,-140.9459991455078,26.24,2
DCN,RAAF Base Curtin,-17.5813999176,123.82800293,26.25,2
KGC,Kingscote Airport,-35.71390151977539,137.52099609375,26.39,2
MGS,Mangaia Island Airport,-21.895986557006836,-157.9066619873047,26.51,2
WYA,Whyalla Airport,-33.05889892578125,137.51400756835938,26.52,2
AIU,Enua Airport,-19.96780014038086,-158.11900329589844,26.53,2
PLO,Port Lincoln Airport,-34.6053009033,135.880004883,26.54,2
AIT,Aitutaki Airport,-18.830900192260746,-159.76400756835938,26.58,2
MOI,Mitiaro Island Airport,-19.842500686645508,-157.7030029296875,26.58,2
PUG,Port Augusta Airport,-32.506900787353516,137.7169952392578,26.59,2
MUK,Mauke Airport,-20.13610076904297,-157.34500122070312,26.6,2
MQL,Mildura Airport,-34.229198455799995,142.085998535,26.65,2
MGB,Mount Gambier Airport,-37.745601654052734,140.78500366210938,26.7,2
TWB,Toowoomba Airport,-27.542801,151.916,26.75,2
BHQ,Broken Hill Airport,-32.0013999939,141.472000122,26.77,2
NHV,Nuku Hiva Airport,-8.795599937438965,-140.22900390625,26.85,2
OLP,Olympic Dam Airport,-30.485000610399997,136.876998901,26.88,2
AUQ,Hiva Oa-Atuona Airport,-9.76879024506,-139.011001587,26.89,2
HVB,Hervey Bay Airport,-25.3188991547,152.880004883,26.89,2
AKL,Auckland International Airport,-37.008098602299995,174.792007446,26.9,1
CED,Ceduna Airport,-32.13059997558594,133.7100067138672,26.92,2
BDB,Bundaberg Airport,-24.903900146499996,152.319000244,26.96,2
MIS,Misima Island Airport,-10.6892004013,152.837997437,27.02,3
WMX,Wamena Airport,-4.10251,138.957001,27.06,3
OKL,Oksibil Airport,-4.9071,140.6277,27.08,3
CNJ,Cloncurry Airport,-20.6686000824,140.503997803,27.08,3
AYQ,Ayers Rock Connellan Airport,-25.1861,130.975998,27.11,2
GLT,Gladstone Airport,-23.869699,151.223007,27.14,2
RMA,Roma Airport,-26.545000076300003,148.774993896,27.15,2
PQQ,Port Macquarie Airport,-31.4358005524,152.863006592,27.16,2
CPD,Coober Pedy Airport,-29.040000915527344,134.7209930419922,27.17,2
JCK,Julia Creek Airport,-20.66830062866211,141.72300720214844,27.24,3
ROK,Rockhampton Airport,-23.3819007874,150.475006104,27.25,2
VLI,Bauerfield International Airport,-17.699300765991,168.32000732422,27.25,2
BQL,Boulia Airport,-22.913299560546875,139.89999389648438,27.27,3
SUV,Nausori International Airport,-18.04330062866211,178.5590057373047,27.27,2
XCH,Christmas Island Airport,-10.450599670410156,105.69000244140624,27.28,2
KDV,Vunisea Airport,-19.0580997467,178.156997681,27.32,2
NTL,Newcastle Airport,-32.79499816894531,151.83399963378906,27.33,2
KNS,King Island Airport,-39.877498626708984,143.8780059814453,27.34,2
DMD,Doomadgee Airport,-17.9403,138.822006,27.34,3
ABX,Albury Airport,-36.06779861450195,146.95799255371094,27.34,2
BHS,Bathurst Airport,-33.4094009399,149.651992798,27.35,2
SVU,Savusavu Airport,-16.8027992249,179.341003418,27.4,2
OAG,Orange Airport,-33.3816986084,149.132995605,27.41,2
EMD,Emerald Airport,-23.5674991608,148.179000854,27.41,2
LBS,Labasa Airport,-16.466699600219727,179.33999633789062,27.42,2
CBR,Canberra International Airport,-35.30690002441406,149.19500732421875,27.44,2
MYA,Moruya Airport,-35.8978004456,150.143997192,27.45,2
CTL,Charleville Airport,-26.4132995605,146.261993408,27.46,2
WGA,Wagga Wagga City Airport,-35.1652984619,147.466003418,27.47,2
TRO,Taree Airport,-31.8885993958,152.514007568,27.48,2
BWT,Wynyard Airport,-40.9989013671875,145.7310028076172,27.48,2
TVU,Matei Airport,-16.6905994415,-179.876998901,27.5,2
PKE,Parkes Airport,-33.131401062,148.238998413,27.51,2
LDH,Lord Howe Island Airport,-31.5382995605,159.07699585,27.52,2
DPO,Devonport Airport,-41.1697006226,146.429992676,27.53,2
DBO,Dubbo City Regional Airport,-32.2167015076,148.574996948,27.54,2
TMW,Tamworth Airport,-31.0839004517,150.847000122,27.55,2
MOV,Moranbah Airport,-22.057800293,148.07699585,27.57,2
MKQ,Mopah Airport,-8.52029037475586,140.41799926757812,27.58,3
MIM,Merimbula Airport,-36.9085998535,149.901000977,27.58,2
MKY,Mackay Airport,-21.171699523900003,149.179992676,27.59,2
LST,Launceston Airport,-41.54529953,147.214004517,27.61,2
ARM,Armidale Airport,-30.528099060099997,151.617004395,27.63,2
BKQ,Blackall Airport,-24.427799224900003,145.429000854,27.64,2
KKR,Kaukura Airport,-15.663299560546877,-146.88499450683594,27.68,3
NRA,Narrandera Airport,-34.7022018433,146.511993408,27.7,2
CFS,Coffs Harbour Airport,-30.3206005096,153.115997314,27.71,2
BCI,Barcaldine Airport,-23.5652999878,145.307006836,27.71,2
PPP,Proserpine Whitsunday Coast Airport,-20.4950008392,148.552001953,27.71,2
GFF,Griffith Airport,-34.2508010864,146.067001343,27.74,2
HBA,Hobart International Airport,-42.836101532,147.509994507,27.78,2
MRZ,Moree Airport,-29.498899459799997,149.845001221,27.79,2
ONG,Mornington Island Airport,-16.662500381469727,139.17799377441406,27.8,3
LRE,Longreach Airport,-23.4342002869,144.279998779,27.83,2
KNG,Kaimana Airport,-3.6445200443267822,133.6959991455078,27.85,4
RTA,Rotuma Airport,-12.482500076293944,177.0709991455078,27.85,2
KSA,Kosrae International Airport,5.35698,162.957993,27.86,4
WIN,Winton Airport,-22.36359977722168,143.08599853515625,27.88,3
TKP,Takapoto Airport,-14.709500312805176,-145.24600219726562,27.89,3
LSY,Lismore Airport,-28.8302993774,153.259994507,27.91,2
BNK,Ballina Byron Gateway Airport,-28.8339004517,153.56199646,27.92,2
KWA,Bucholz Army Air Field,8.720120429992676,167.73199462890625,27.92,3
DOB,Rar Gwamar Airport,-5.7722201347399995,134.212005615,27.94,4
CHC,Christchurch International Airport,-43.48939895629883,172.53199768066406,27.97,1
AVV,Avalon Airport,-38.039398,144.468994,28.1,2
RUS,Marau Airport,-9.86166954041,160.824996948,28.1,3
ATD,Uru Harbour Airport,-8.87333,161.011002,28.13,3
WLS,Hihifo Airport,-13.2383003235,-176.199005127,28.17,2
FRE,Fera/Maringe Airport,-8.1075,159.576996,28.17,3
TBU,Fua'amotu International Airport,-21.241199493408203,-175.14999389648438,28.2,2
MCY,Sunshine Coast Airport,-26.6033,153.091003,28.2,2
TRW,Bonriki International Airport,1.3816399574279783,173.14700317382812,28.21,3
RNA,Ulawa Airport,-9.86054358262,161.979546547,28.25,3
IRA,Ngorangora Airport,-10.4497003555,161.897994995,28.27,3
RNL,Rennell/Tingoa Airport,-11.533900260925291,160.06300354003906,28.27,3
VAO,Suavanao Airport,-7.585559844970703,158.7310028076172,28.29,3
EGM,Sege Airport,-8.578889846801758,157.87600708007812,28.3,3
RBV,Ramata Airport,-8.168060302734375,157.64300537109375,28.35,3
NNB,Santa Ana Airport,-10.847994,162.454108,28.36,3
MUA,Munda Airport,-8.327969551086426,157.26300048828125,28.39,3
NLK,Norfolk Island International Airport,-29.04159927368164,167.93899536132812,28.42,2
KGE,Kaghau Airport,-7.3305,157.585,28.42,3
GZO,Nusatupe Airport,-8.09778022766,156.863998413,28.45,3
INU,Nauru International Airport,-0.547458,166.919006,28.6,3
CHY,Choiseul Bay Airport,-6.711944,156.396111,28.61,3
MKP,Makemo Airport,-16.583900451660156,-143.6580047607422,28.66,3
SCZ,Santa Cruz/Graciosa Bay/Luova Airport,-10.72029972076416,165.7949981689453,28.78,3
UAP,Ua Pou Airport,-9.35167,-140.078003,28.93,3
UAH,Ua Huka Airport,-8.93611,-139.552002,28.94,3
HLZ,Hamilton International Airport,-37.8666992188,175.332000732,29.03,2
SON,Santo Pekoa International Airport,-15.505000114399998,167.220001221,29.04,2
WRE,Whangarei Airport,-35.7682991027832,174.36500549316406,29.08,2
TRG,Tauranga Airport,-37.67190170288086,176.1959991455078,29.08,2
ROT,Rotorua Regional Airport,-38.10919952392578,176.31700134277344,29.13,2
KKE,Kerikeri Airport,-35.26279830932617,173.91200256347656,29.16,2
SGO,St George Airport,-28.049699783325195,148.59500122070312,29.16,3
WHK,Whakatane Airport,-37.92060089111328,176.91400146484375,29.17,2
TUO,Taupo Airport,-38.73970031738281,176.08399963378906,29.18,2
NPL,New Plymouth Airport,-39.00859832763672,174.1790008544922,29.19,2
KAT,Kaitaia Airport,-35.06999969482422,173.28500366210938,29.22,2
GMR,Totegegie Airport,-23.07990074157715,-134.88999938964844,29.29,3
NPE,Hawke's Bay Airport,-39.465801,176.869995,29.31,2
WAG,Wanganui Airport,-39.96220016479492,175.02499389648438,29.31,2
GIS,Gisborne Airport,-38.663299560546875,177.97799682617188,29.32,2
EAE,Siwo Airport,-17.0902996063,168.343002319,29.33,3
TGH,Tongoa Airport,-16.8910999298,168.550994873,29.36,3
PMR,Palmerston North Airport,-40.32059860229492,175.61700439453125,29.37,2
VLS,Valesdir Airport,-16.796100616500002,168.177001953,29.37,3
LNB,Lamen Bay Airport,-16.584199905400002,168.158996582,29.4,3
DLY,Dillon's Bay Airport,-18.7693996429,169.00100708,29.42,3
RCM,Richmond Airport,-20.701900482177734,143.11500549316406,29.42,4
PBJ,Tavie Airport,-16.438999176,168.257003784,29.42,3
LPM,Lamap Airport,-16.4611228,167.829253,29.43,3
BUC,Burketown Airport,-17.748600006103516,139.53399658203125,29.43,4
PPQ,Paraparaumu Airport,-40.90470123291016,174.98899841308594,29.44,2
SWJ,Southwest Bay Airport,-16.4864,167.4472,29.45,3
IPA,Ipota Airport,-18.856389,169.283333,29.45,3
CCV,Craig Cove Airport,-16.264999,167.923996,29.45,3
BEU,Bedourie Airport,-24.346099853515625,139.4600067138672,29.47,4
WLG,Wellington International Airport,-41.3272018433,174.804992676,29.5,2
LNE,Lonorore Airport,-15.8655996323,168.17199707,29.5,3
NUS,Norsup Airport,-16.0797,167.401001,29.5,3
TAH,Tanna Airport,-19.45509910583496,169.2239990234375,29.52,3
NSN,Nelson Airport,-41.298301696777344,173.2209930419922,29.52,2
BHE,Woodbourne Airport,-41.5182991027832,173.8699951171875,29.53,2
ICI,Cicia Airport,-17.7432994843,-179.341995239,29.55,3
ZQN,Queenstown International Airport,-45.0210990906,168.738998413,29.57,2
VBV,Vanua Balavu Airport,-17.268999099731445,-178.9759979248047,29.61,3
LKB,Lakeba Island Airport,-18.1991996765,-178.817001343,29.61,3
ULP,Quilpie Airport,-26.612199783325195,144.2530059814453,29.71,3
DUD,Dunedin Airport,-45.9281005859375,170.197998046875,29.77,2
GFN,Grafton Airport,-29.7593994140625,153.02999877929688,29.78,3
FLS,Flinders Island Airport,-40.0917015076,147.992996216,29.82,3
HKK,Hokitika Airfield,-42.713600158691406,170.98500061035156,30.16,2
FUT,Pointe Vele Airport,-14.3114004135,-178.065994263,30.46,3
CCK,Cocos (Keeling) Islands Airport,-12.1883001328,96.8339004517,30.51,3
IVC,Invercargill Airport,-46.41239929199219,168.31300354003906,30.55,2
FUN,Funafuti International Airport,-8.525,179.195999,30.59,3
WLH,Walaha Airport,-15.4119997025,167.690994263,31.11,3
LOD,Longana Airport,-15.3066997528,167.966995239,31.15,3
SSR,Sara Airport,-15.4708003998,168.151992798,31.17,3
MWF,Maewo-Naone Airport,-15.0,168.082992554,31.18,3
ZGU,Gaua Island Airport,-14.218099594099998,167.587005615,31.23,3
SLH,Sola Airport,-13.8516998291,167.537002563,31.28,3
ULB,Uléi Airport,-16.3297,168.3011,31.44,4
CMA,Cunnamulla Airport,-28.030000686645508,145.6219940185547,31.52,4
AWD,Aniwa Airport,-19.2346,169.6009,31.57,4
AUY,Aneityum Airport,-20.2492008209,169.770996094,31.65,4
FTA,Futuna Airport,-19.5163993835,170.231994629,31.65,4
BVI,Birdsville Airport,-25.897499084472656,139.34800720214844,31.69,5
WSZ,Westport Airport,-41.73809814453125,171.58099365234375,31.84,3
WNR,Windorah Airport,-25.41309928894043,142.66700744628906,31.96,4
TIU,Timaru Airport,-44.30279922485352,171.22500610351562,32.05,3
MTV,Mota Lava Airport,-13.6660003662,167.712005615,33.31,4
TOH,Torres Airstrip,-13.3280000687,166.638000488,33.41,4
XTG,Thargomindah Airport,-27.986400604248047,143.81100463867188,33.75,5
